domain,case,quantity,unit,expected,actual,deviation,tolerance,status,note
western-planets,obama,Sun,arcsec,132.5479089,132.54792045869013,0.04161128442774498,36.0,PASS,
western-planets,obama,Moon,arcsec,63.3573772,63.357389713067136,0.04504704168084572,72.0,PASS,
western-planets,obama,Mercury,arcsec,122.3315919,122.33160354095324,0.04190743163690058,36.0,PASS,
western-planets,obama,Venus,arcsec,91.789345,91.78935674760537,0.04229137933293714,36.0,PASS,
western-planets,obama,Mars,arcsec,172.5765892,172.57660091549798,0.04217579271426075,36.0,PASS,
western-planets,obama,Jupiter,arcsec,300.8586164,300.8586280083436,0.041790036902966676,36.0,PASS,
western-planets,obama,Saturn,arcsec,295.3307379,295.33074947600886,0.04167363199485408,36.0,PASS,
western-planets,obama,Uranus,arcsec,145.2708224,145.27083409544423,0.0421035992758334,36.0,PASS,
western-planets,obama,Neptune,arcsec,218.6059384,218.6059503092567,0.042873324116499134,36.0,PASS,
western-planets,obama,Pluto,arcsec,156.9777457,156.97775885861347,0.04737100844067754,36.0,PASS,
western-planets,obama,Chiron,arcsec,335.3170207,335.3170315758641,0.03915311083346751,36.0,PASS,
western-planets,beyonce,Sun,arcsec,162.4555603,162.45557343346613,0.04728047805429014,36.0,PASS,
western-planets,beyonce,Moon,arcsec,236.734471,236.73448519004285,0.051084154199543264,72.0,PASS,
western-planets,beyonce,Mercury,arcsec,183.280368,183.28038114980475,0.04733929707754214,36.0,PASS,
western-planets,beyonce,Venus,arcsec,200.8013598,200.8013729249936,0.047249976910279656,36.0,PASS,
western-planets,beyonce,Mars,arcsec,121.9290966,121.92910973818115,0.047297452175598664,36.0,PASS,
western-planets,beyonce,Jupiter,arcsec,192.4870598,192.4870732007798,0.048242807304177404,36.0,PASS,
western-planets,beyonce,Saturn,arcsec,189.1073997,189.10741322591898,0.04869330830388208,36.0,PASS,
western-planets,beyonce,Uranus,arcsec,236.4817511,236.4817642890543,0.047480595480919874,36.0,PASS,
western-planets,beyonce,Neptune,arcsec,262.0873425,262.0873558000928,0.04788033409113268,36.0,PASS,
western-planets,beyonce,Pluto,arcsec,202.673607,202.67362354327665,0.059555795917276555,36.0,PASS,
western-planets,beyonce,Chiron,arcsec,52.8281164,52.82813001554406,0.04901595862634167,36.0,PASS,
western-planets,diana,Sun,arcsec,99.6630446,99.66305747739784,0.04635863220983083,36.0,PASS,
western-planets,diana,Moon,arcsec,325.0378776,325.03789048120245,0.046372328824872966,72.0,PASS,
western-planets,diana,Mercury,arcsec,93.2013895,93.20140280521358,0.04789876885524791,36.0,PASS,
western-planets,diana,Venus,arcsec,54.399828,54.3998414617473,0.04846229028316884,36.0,PASS,
western-planets,diana,Mars,arcsec,151.6457017,151.64571475035558,0.04698128012705638,36.0,PASS,
western-planets,diana,Jupiter,arcsec,305.0970717,305.09708466838515,0.04668618648793199,36.0,PASS,
western-planets,diana,Saturn,arcsec,297.813995,297.8140079193921,0.04650981168197177,36.0,PASS,
western-planets,diana,Uranus,arcsec,143.3360159,143.33602891186146,0.04684270123789247,36.0,PASS,
western-planets,diana,Neptune,arcsec,218.6366654,218.63667873148182,0.04799333456730892,36.0,PASS,
western-planets,diana,Pluto,arcsec,156.0440228,156.0440372908621,0.05216710355853138,36.0,PASS,
western-planets,diana,Chiron,arcsec,336.4679698,336.46798196149257,0.04378137327876175,36.0,PASS,
western-planets,einstein,Sun,arcsec,353.5076637,353.5077475039879,0.30169435635798436,36.0,PASS,
western-planets,einstein,Moon,arcsec,254.5258305,254.52590295236584,0.26082851697992737,72.0,PASS,
western-planets,einstein,Mercury,arcsec,3.1438013,3.1438843976286583,0.2991514631707659,36.0,PASS,
western-planets,einstein,Venus,arcsec,16.9849259,16.985009682176667,0.30161583599976893,36.0,PASS,
western-planets,einstein,Mars,arcsec,296.9141384,296.9142223136664,0.3020891990445307,36.0,PASS,
western-planets,einstein,Jupiter,arcsec,327.484016,327.4841003976054,0.3038313794604619,36.0,PASS,
western-planets,einstein,Saturn,arcsec,4.1897439,4.189828733859626,0.3054018946535564,36.0,PASS,
western-planets,einstein,Uranus,arcsec,151.2885153,151.2885998982925,0.30455385295908854,36.0,PASS,
western-planets,einstein,Neptune,arcsec,37.8718798,37.871964594773054,0.3052611829872376,36.0,PASS,
western-planets,einstein,Pluto,arcsec,54.7254767,54.7255640191317,0.31434887412444823,36.0,PASS,
western-planets,einstein,Chiron,arcsec,35.544628,35.54471266808321,0.304805099534633,36.0,PASS,
western-planets,jobs,Sun,arcsec,335.748104,335.748127121073,0.0832358628485963,36.0,PASS,
western-planets,jobs,Moon,arcsec,7.7471988,7.747220928280193,0.07966180869516393,72.0,PASS,
western-planets,jobs,Mercury,arcsec,314.3617059,314.36172899889584,0.08315602501625108,36.0,PASS,
western-planets,jobs,Venus,arcsec,291.1718389,291.17186209067853,0.08348644266789051,36.0,PASS,
western-planets,jobs,Mars,arcsec,29.0904584,29.09048153942958,0.08330194648635825,36.0,PASS,
western-planets,jobs,Jupiter,arcsec,110.5079366,110.50795969948014,0.08315812852401905,36.0,PASS,
western-planets,jobs,Saturn,arcsec,231.1626577,231.16268137507572,0.08523027255478155,36.0,PASS,
western-planets,jobs,Uranus,arcsec,114.1349401,114.13496326299027,0.08338676498738096,36.0,PASS,
western-planets,jobs,Neptune,arcsec,208.051262,208.0512854870448,0.08455336122779045,36.0,PASS,
western-planets,jobs,Pluto,arcsec,145.3226727,145.32269681953483,0.08683032538101543,36.0,PASS,
western-planets,jobs,Chiron,arcsec,302.3322529,302.33227597825817,0.08308172934903268,36.0,PASS,
western-planets,musk,Sun,arcsec,95.8906134,95.89062618939792,0.04604183249057314,36.0,PASS,
western-planets,musk,Moon,arcsec,158.2426882,158.2427007053858,0.04501938886960488,72.0,PASS,
western-planets,musk,Mercury,arcsec,104.066546,104.06655872374257,0.04580547325758744,36.0,PASS,
western-planets,musk,Venus,arcsec,79.3967741,79.39678696621067,0.046318358403141247,36.0,PASS,
western-planets,musk,Mars,arcsec,320.905632,320.90564512390375,0.04724605341834831,36.0,PASS,
western-planets,musk,Jupiter,arcsec,237.6479341,237.64794711964464,0.046870720757397066,36.0,PASS,
western-planets,musk,Saturn,arcsec,61.1226209,61.12263410742727,0.04754673815625665,36.0,PASS,
western-planets,musk,Uranus,arcsec,189.4820802,189.4820932128261,0.046846173916037515,36.0,PASS,
western-planets,musk,Neptune,arcsec,240.8134543,240.8134674292831,0.047265419175346324,36.0,PASS,
western-planets,musk,Pluto,arcsec,177.0933431,177.09335872898103,0.05626433171528333,36.0,PASS,
western-planets,musk,Chiron,arcsec,13.6971764,13.697188776473393,0.04455530421410003,36.0,PASS,
western-planets,monroe,Sun,arcsec,70.4443169,70.44435945384342,0.15319383629162076,36.0,PASS,
western-planets,monroe,Moon,arcsec,319.0983445,319.09838563095286,0.14807143031703163,72.0,PASS,
western-planets,monroe,Mercury,arcsec,66.7786082,66.77865060795612,0.15266864206751052,36.0,PASS,
western-planets,monroe,Venus,arcsec,28.7503787,28.750421702809074,0.1548101126715551,36.0,PASS,
western-planets,monroe,Mars,arcsec,350.7315327,350.73157562930277,0.15454548995421646,36.0,PASS,
western-planets,monroe,Jupiter,arcsec,326.8256679,326.825710578553,0.1536427909059057,36.0,PASS,
western-planets,monroe,Saturn,arcsec,231.4416124,231.4416555213251,0.15523677033115746,36.0,PASS,
western-planets,monroe,Uranus,arcsec,358.9948372,358.9948799392402,0.15386126472094475,36.0,PASS,
western-planets,monroe,Neptune,arcsec,142.2227343,142.22277699935668,0.15371768400882502,36.0,PASS,
western-planets,monroe,Pluto,arcsec,103.39157,103.3916127504742,0.15390170709679296,36.0,PASS,
western-planets,monroe,Chiron,arcsec,30.3946359,30.394678508477547,0.15339051916640756,36.0,PASS,
western-planets,jfk,Sun,arcsec,67.8434874,67.84354164205618,0.19527140224795403,36.0,PASS,
western-planets,jfk,Moon,arcsec,167.2089821,167.20903315767097,0.18380761555363279,72.0,PASS,
western-planets,jfk,Mercury,arcsec,50.5934101,50.59346525349208,0.19855257147867178,36.0,PASS,
western-planets,jfk,Venus,arcsec,76.7448886,76.74494278276181,0.1950579425340493,36.0,PASS,
western-planets,jfk,Mars,arcsec,48.4311027,48.43115709511013,0.19582239648059385,36.0,PASS,
western-planets,jfk,Jupiter,arcsec,53.0471865,53.047241125483346,0.1966517400376233,36.0,PASS,
western-planets,jfk,Saturn,arcsec,117.1611446,117.16119903624806,0.19597049303001768,36.0,PASS,
western-planets,jfk,Uranus,arcsec,323.7186981,323.7187526433983,0.19635623400517943,36.0,PASS,
western-planets,jfk,Neptune,arcsec,122.6717533,122.67180779304897,0.19617497626995828,36.0,PASS,
western-planets,jfk,Pluto,arcsec,93.268468,93.26852292244105,0.19772078778714786,36.0,PASS,
western-planets,jfk,Chiron,arcsec,359.428106,359.4281597932503,0.19365570103673235,36.0,PASS,
western-planets,reykjavik_summer,Sun,arcsec,90.0502759,90.05028918744794,0.04783481259096334,36.0,PASS,
western-planets,reykjavik_summer,Moon,arcsec,125.7288169,125.7288302423071,0.048032305556944266,72.0,PASS,
western-planets,reykjavik_summer,Mercury,arcsec,105.7090619,105.70907512670865,0.04761615117558904,36.0,PASS,
western-planets,reykjavik_summer,Venus,arcsec,44.5514187,44.551432533292264,0.04979985215243232,36.0,PASS,
western-planets,reykjavik_summer,Mars,arcsec,98.0056436,98.00565679405788,0.04749860838728637,36.0,PASS,
western-planets,reykjavik_summer,Jupiter,arcsec,316.5282698,316.5282831321215,0.04799563744199986,36.0,PASS,
western-planets,reykjavik_summer,Saturn,arcsec,232.3815132,232.38152689729722,0.04931026999202004,36.0,PASS,
western-planets,reykjavik_summer,Uranus,arcsec,255.3931896,255.3932029194233,0.04794992383949648,36.0,PASS,
western-planets,reykjavik_summer,Neptune,arcsec,272.3022597,272.3022730920726,0.04821146142148791,36.0,PASS,
western-planets,reykjavik_summer,Pluto,arcsec,212.0443117,212.04432855291216,0.06067048375371087,36.0,PASS,
western-planets,reykjavik_summer,Chiron,arcsec,70.5408236,70.5408375154776,0.050095719393539184,36.0,PASS,
western-planets,ushuaia_winter,Sun,arcsec,269.5703009,269.5703141490002,0.0476964006338676,36.0,PASS,
western-planets,ushuaia_winter,Moon,arcsec,26.2200561,26.220069531108187,0.04835198947148456,72.0,PASS,
western-planets,ushuaia_winter,Mercury,arcsec,248.6937412,248.69375471374164,0.048649469886186125,36.0,PASS,
western-planets,ushuaia_winter,Venus,arcsec,262.5922735,262.5922866915733,0.047489663938904414,36.0,PASS,
western-planets,ushuaia_winter,Mars,arcsec,214.1336706,214.13368401262795,0.04828546067301431,36.0,PASS,
western-planets,ushuaia_winter,Jupiter,arcsec,316.0843517,316.084364947076,0.04768947349020891,36.0,PASS,
western-planets,ushuaia_winter,Saturn,arcsec,244.0245362,244.02454974411302,0.048758806860860204,36.0,PASS,
western-planets,ushuaia_winter,Uranus,arcsec,258.8773383,258.87735145476853,0.04735716663617495,36.0,PASS,
western-planets,ushuaia_winter,Neptune,arcsec,273.1893236,273.1893369052776,0.04789899937804876,36.0,PASS,
western-planets,ushuaia_winter,Pluto,arcsec,216.6474934,216.64751000030182,0.05976108654976997,36.0,PASS,
western-planets,ushuaia_winter,Chiron,arcsec,70.9690977,70.96911172021595,0.0504727773943614,36.0,PASS,
western-planets,quito_equinox,Sun,arcsec,180.1951341,180.19514738802968,0.04783690689009745,36.0,PASS,
western-planets,quito_equinox,Moon,arcsec,167.8743557,167.8743686915574,0.04676960668348329,72.0,PASS,
western-planets,quito_equinox,Mercury,arcsec,200.0874122,200.0874247625252,0.04522509071875902,36.0,PASS,
western-planets,quito_equinox,Venus,arcsec,189.3248335,189.32484700419738,0.04861511052922651,36.0,PASS,
western-planets,quito_equinox,Mars,arcsec,221.0180866,221.01809986800077,0.0477648027754185,36.0,PASS,
western-planets,quito_equinox,Jupiter,arcsec,249.3872368,249.38725017445125,0.04814802447299371,36.0,PASS,
western-planets,quito_equinox,Saturn,arcsec,350.6437003,350.6437139616391,0.04918190081752982,36.0,PASS,
western-planets,quito_equinox,Uranus,arcsec,296.5943617,296.5943749951566,0.047862563883427356,36.0,PASS,
western-planets,quito_equinox,Neptune,arcsec,292.8099825,292.8099957715399,0.047777543636584596,36.0,PASS,
western-planets,quito_equinox,Pluto,arcsec,238.4007552,238.40077080873192,0.05619143494186574,36.0,PASS,
western-planets,quito_equinox,Chiron,arcsec,182.0401762,182.04018896338872,0.04594819940848538,36.0,PASS,
western-planets,ny_dst_spring,Sun,arcsec,13.6420626,13.642075703265224,0.04717175480948299,36.0,PASS,
western-planets,ny_dst_spring,Moon,arcsec,300.5846694,300.5846820996567,0.045718764044977434,72.0,PASS,
western-planets,ny_dst_spring,Mercury,arcsec,5.2758524,5.275865258772885,0.04629158238813602,36.0,PASS,
western-planets,ny_dst_spring,Venus,arcsec,14.4496751,14.449688440268257,0.048024965725801394,36.0,PASS,
western-planets,ny_dst_spring,Mars,arcsec,309.8132624,309.8132755552718,0.04735897848604509,36.0,PASS,
western-planets,ny_dst_spring,Jupiter,arcsec,194.0136131,194.01362653028528,0.04834902705397326,36.0,PASS,
western-planets,ny_dst_spring,Saturn,arcsec,110.5309588,110.53097190337526,0.047172150959795545,36.0,PASS,
western-planets,ny_dst_spring,Uranus,arcsec,338.7855857,338.78559891362727,0.04756905811973411,36.0,PASS,
western-planets,ny_dst_spring,Neptune,arcsec,317.020122,317.02013515170216,0.04734612773518165,36.0,PASS,
western-planets,ny_dst_spring,Pluto,arcsec,264.5009608,264.5009749619831,0.05098313927192066,36.0,PASS,
western-planets,ny_dst_spring,Chiron,arcsec,302.5117733,302.5117864305721,0.04727005950826424,36.0,PASS,
western-planets,ny_dst_fall,Sun,arcsec,216.8924634,216.89247652233777,0.04724041599502016,36.0,PASS,
western-planets,ny_dst_fall,Moon,arcsec,183.7179837,183.71799703967352,0.04802282470564023,72.0,PASS,
western-planets,ny_dst_fall,Mercury,arcsec,239.8269683,239.82698097670522,0.04563613875916417,36.0,PASS,
western-planets,ny_dst_fall,Venus,arcsec,263.8269943,263.827007005278,0.045739000734101865,36.0,PASS,
western-planets,ny_dst_fall,Mars,arcsec,47.8702032,47.870216466277,0.047758597204961006,36.0,PASS,
western-planets,ny_dst_fall,Jupiter,arcsec,210.8943475,210.89436084653119,0.048047512234461465,36.0,PASS,
western-planets,ny_dst_fall,Saturn,arcsec,130.8151796,130.81519272438638,0.04724779098523868,36.0,PASS,
western-planets,ny_dst_fall,Uranus,arcsec,336.9605584,336.9605716274042,0.047618655003134336,36.0,PASS,
western-planets,ny_dst_fall,Neptune,arcsec,314.8198348,314.81984792372293,0.047245402470252884,36.0,PASS,
western-planets,ny_dst_fall,Pluto,arcsec,262.6889821,262.688996114735,0.0504530461057584,36.0,PASS,
western-planets,ny_dst_fall,Chiron,arcsec,298.1837972,298.18381031529617,0.04721506616078841,36.0,PASS,
western-planets,tromso_midnight_sun,Sun,arcsec,91.2800246,91.2800381293525,0.04870566900194717,36.0,PASS,
western-planets,tromso_midnight_sun,Moon,arcsec,331.0787833,331.0787969281669,0.04906140093225986,72.0,PASS,
western-planets,tromso_midnight_sun,Mercury,arcsec,109.9282603,109.9282738116058,0.04864178088155313,36.0,PASS,
western-planets,tromso_midnight_sun,Venus,arcsec,94.2873406,94.28735400853336,0.04827072010584743,36.0,PASS,
western-planets,tromso_midnight_sun,Mars,arcsec,93.9476004,93.94761384333759,0.048396015336038545,36.0,PASS,
western-planets,tromso_midnight_sun,Jupiter,arcsec,58.317288,58.317301668782676,0.04920761764140025,36.0,PASS,
western-planets,tromso_midnight_sun,Saturn,arcsec,55.7011045,55.701118396731864,0.050028234713295205,36.0,PASS,
western-planets,tromso_midnight_sun,Uranus,arcsec,320.5144792,320.51449272372207,0.0486853995198544,36.0,PASS,
western-planets,tromso_midnight_sun,Neptune,arcsec,306.0678504,306.0678638963476,0.04858685138060537,36.0,PASS,
western-planets,tromso_midnight_sun,Pluto,arcsec,250.9956472,250.99566243976307,0.054863147011019464,36.0,PASS,
western-planets,tromso_midnight_sun,Chiron,arcsec,252.8978584,252.8978726560425,0.05132175301696407,36.0,PASS,
western-planets,mumbai_2000,Sun,arcsec,294.5121723,294.5121853742714,0.04706737706783315,36.0,PASS,
western-planets,mumbai_2000,Moon,arcsec,34.8297157,34.829729710864356,0.05043911167774695,72.0,PASS,
western-planets,mumbai_2000,Mercury,arcsec,294.0810454,294.0810584512579,0.04698452842148981,36.0,PASS,
western-planets,mumbai_2000,Venus,arcsec,258.4311962,258.43120954123924,0.048028461310423154,36.0,PASS,
western-planets,mumbai_2000,Mars,arcsec,338.7193609,338.7193741011346,0.047524084379801934,36.0,PASS,
western-planets,mumbai_2000,Jupiter,arcsec,26.1341791,26.134192392293357,0.047852256084013334,36.0,PASS,
western-planets,mumbai_2000,Saturn,arcsec,40.2979037,40.29791722730768,0.04869830764562266,36.0,PASS,
western-planets,mumbai_2000,Uranus,arcsec,315.5443997,315.54441282967025,0.04726681295323942,36.0,PASS,
western-planets,mumbai_2000,Neptune,arcsec,303.7026572,303.7026702673069,0.047042305027389375,36.0,PASS,
western-planets,mumbai_2000,Pluto,arcsec,251.9140708,251.91408551269703,0.05296570933523981,36.0,PASS,
western-planets,mumbai_2000,Chiron,arcsec,253.1323371,253.13235084586216,0.04948510378426363,36.0,PASS,
western-planets,sydney_2010,Sun,arcsec,273.1123477,273.1123610276605,0.04797957778919226,36.0,PASS,
western-planets,sydney_2010,Moon,arcsec,141.501738,141.5017508413058,0.04622870094408427,72.0,PASS,
western-planets,sydney_2010,Mercury,arcsec,261.9748318,261.9748454896583,0.049282769941783044,36.0,PASS,
western-planets,sydney_2010,Venus,arcsec,227.1158885,227.11590244281805,0.050194144955639786,36.0,PASS,
western-planets,sydney_2010,Mars,arcsec,283.0039656,283.0039789005974,0.0478821506476379,36.0,PASS,
western-planets,sydney_2010,Jupiter,arcsec,355.6819228,355.68193630413765,0.048614895558785065,36.0,PASS,
western-planets,sydney_2010,Saturn,arcsec,196.3128625,196.31287629008742,0.04964431471989883,36.0,PASS,
western-planets,sydney_2010,Uranus,arcsec,356.826188,356.8262014018544,0.04824667585126008,36.0,PASS,
western-planets,sydney_2010,Neptune,arcsec,326.547261,326.547274391622,0.048209839269475196,36.0,PASS,
western-planets,sydney_2010,Pluto,arcsec,275.0805721,275.0805857698207,0.04921135453059833,36.0,PASS,
western-planets,sydney_2010,Chiron,arcsec,327.2772385,327.27725133055355,0.04618999275862734,36.0,PASS,
western-planets,tokyo_1990,Sun,arcsec,38.3056107,38.305623908588295,0.04755091785284549,36.0,PASS,
western-planets,tokyo_1990,Moon,arcsec,90.2108201,90.21083267552915,0.04527190490648536,72.0,PASS,
western-planets,tokyo_1990,Mercury,arcsec,46.173688,46.173700903526026,0.04645269369802918,36.0,PASS,
western-planets,tokyo_1990,Venus,arcsec,354.1130408,354.1130541925685,0.04821324646400171,36.0,PASS,
western-planets,tokyo_1990,Mars,arcsec,335.9459241,335.94593750047926,0.04824172528969939,36.0,PASS,
western-planets,tokyo_1990,Jupiter,arcsec,96.5880484,96.5880615935314,0.04749671304580261,36.0,PASS,
western-planets,tokyo_1990,Saturn,arcsec,295.3086195,295.30863279199696,0.04785118896961649,36.0,PASS,
western-planets,tokyo_1990,Uranus,arcsec,279.4950071,279.49502035572334,0.04772060399318434,36.0,PASS,
western-planets,tokyo_1990,Neptune,arcsec,284.5326905,284.53270384618037,0.04804624932148727,36.0,PASS,
western-planets,tokyo_1990,Pluto,arcsec,226.632393,226.63240946623506,0.05927844619009193,36.0,PASS,
western-planets,tokyo_1990,Chiron,arcsec,102.0225954,102.02260902727227,0.04905818016140984,36.0,PASS,
western-planets,boston_1900,Sun,arcsec,102.2130791,102.21314483932947,0.2366615860978527,36.0,PASS,
western-planets,boston_1900,Moon,arcsec,188.916622,188.91668219090326,0.21668725177050874,72.0,PASS,
western-planets,boston_1900,Mercury,arcsec,128.2459833,128.24604906478666,0.23675323195675446,36.0,PASS,
western-planets,boston_1900,Venus,arcsec,108.1031507,108.1032172209626,0.23947546537783637,36.0,PASS,
western-planets,boston_1900,Mars,arcsec,65.1770509,65.17711678764995,0.23719553983028163,36.0,PASS,
western-planets,boston_1900,Jupiter,arcsec,241.9071048,241.9071711009749,0.23868350956490758,36.0,PASS,
western-planets,boston_1900,Saturn,arcsec,270.945875,270.94594128325946,0.23861973404564196,36.0,PASS,
western-planets,boston_1900,Uranus,arcsec,249.2150183,249.21508446465248,0.23819274892957765,36.0,PASS,
western-planets,boston_1900,Neptune,arcsec,87.3185894,87.31865561810498,0.2383851779654833,36.0,PASS,
western-planets,boston_1900,Pluto,arcsec,76.7936012,76.7936686619572,0.2428630459235137,36.0,PASS,
western-planets,boston_1900,Chiron,arcsec,260.5423989,260.54246592094444,0.24127539988967328,36.0,PASS,
western-planets,greenwich_y2k,Sun,arcsec,279.8592049,279.85921846131276,0.048820725919540564,36.0,PASS,
western-planets,greenwich_y2k,Moon,arcsec,217.2933209,217.29333542131582,0.05227673694889745,72.0,PASS,
western-planets,greenwich_y2k,Mercury,arcsec,271.1117994,271.1118128584845,0.04845054415909544,36.0,PASS,
western-planets,greenwich_y2k,Venus,arcsec,240.9614017,240.9614155445052,0.04984021868494892,36.0,PASS,
western-planets,greenwich_y2k,Mars,arcsec,327.5754592,327.575472779841,0.04888742753337283,36.0,PASS,
western-planets,greenwich_y2k,Jupiter,arcsec,25.2331157,25.23312943457945,0.049444486022309775,36.0,PASS,
western-planets,greenwich_y2k,Saturn,arcsec,40.40585,40.405864015939756,0.050457383116508936,36.0,PASS,
western-planets,greenwich_y2k,Uranus,arcsec,314.7840584,314.784071936591,0.04873172754287225,36.0,PASS,
western-planets,greenwich_y2k,Neptune,arcsec,303.175242,303.1752555523058,0.048788300887281366,36.0,PASS,
western-planets,greenwich_y2k,Pluto,arcsec,251.4371568,251.43717195316435,0.05455139167906964,36.0,PASS,
western-planets,greenwich_y2k,Chiron,arcsec,251.5603761,251.56039019443477,0.050739965138291154,36.0,PASS,
western-planets,samoa_skipped_day,Sun,arcsec,278.8965694,278.8965824961817,0.047146254132712784,36.0,PASS,
western-planets,samoa_skipped_day,Moon,arcsec,354.5383616,354.5383736549754,0.04339791144047922,72.0,PASS,
western-planets,samoa_skipped_day,Mercury,arcsec,258.4530448,258.45305798241236,0.04745668454688712,36.0,PASS,
western-planets,samoa_skipped_day,Venus,arcsec,312.5438692,312.5438823301236,0.04726844492779492,36.0,PASS,
western-planets,samoa_skipped_day,Mars,arcsec,169.857182,169.8571954442589,0.04839933208131697,36.0,PASS,
western-planets,samoa_skipped_day,Jupiter,arcsec,30.4087656,30.40877887152249,0.0477774809667153,36.0,PASS,
western-planets,samoa_skipped_day,Saturn,arcsec,208.2230905,208.22310400758155,0.048627293551817274,36.0,PASS,
western-planets,samoa_skipped_day,Uranus,arcsec,0.8248057,0.8248189322429782,0.04763607472160203,36.0,PASS,
western-planets,samoa_skipped_day,Neptune,arcsec,328.8606567,328.8606698340953,0.04728274307126412,36.0,PASS,
western-planets,samoa_skipped_day,Pluto,arcsec,277.2863734,277.2863867672814,0.048122212979251344,36.0,PASS,
western-planets,samoa_skipped_day,Chiron,arcsec,331.8539187,331.85393121615016,0.045058140540277236,36.0,PASS,
western-planets,anchorage_winter,Sun,arcsec,269.9521496,269.9521627465666,0.047327639867944526,36.0,PASS,
western-planets,anchorage_winter,Moon,arcsec,30.6509029,30.65091626009154,0.04809632955584675,72.0,PASS,
western-planets,anchorage_winter,Mercury,arcsec,249.1538367,249.15385019277898,0.048574004313195474,36.0,PASS,
western-planets,anchorage_winter,Venus,arcsec,263.064139,263.06415219626325,0.04750654766212392,36.0,PASS,
western-planets,anchorage_winter,Mars,arcsec,214.3642474,214.3642608485811,0.048414891909942526,36.0,PASS,
western-planets,anchorage_winter,Jupiter,arcsec,316.1593333,316.1593465179311,0.04758455195315037,36.0,PASS,
western-planets,anchorage_winter,Saturn,arcsec,244.0662479,244.06626134947027,0.048418092933388834,36.0,PASS,
western-planets,anchorage_winter,Uranus,arcsec,258.8999315,258.8999447063913,0.04754300873628381,36.0,PASS,
western-planets,anchorage_winter,Neptune,arcsec,273.2034983,273.2035116067931,0.04790445518665365,36.0,PASS,
western-planets,anchorage_winter,Pluto,arcsec,216.6578431,216.65785962516173,0.05949058221403902,36.0,PASS,
western-planets,anchorage_winter,Chiron,arcsec,70.9486925,70.94870650102375,0.050403685474975646,36.0,PASS,
western-angles,obama,Ascendant,arcsec,318.0445697,318.0446193705266,0.1788138957863339,36.0,PASS,
western-angles,obama,Midheaven,arcsec,238.8853493,238.88538290661845,0.12098382640033378,36.0,PASS,
western-angles,obama,Cusp 2,arcsec,355.8980567,355.8981029389082,0.16646006961309467,36.0,PASS,
western-angles,obama,Cusp 3,arcsec,30.2890606,30.289098449657402,0.13625876665059877,36.0,PASS,
western-angles,obama,Cusp 5,arcsec,83.9742481,83.97428313136845,0.1261129264378269,36.0,PASS,
western-angles,obama,Cusp 6,arcsec,109.0165157,109.01655665523458,0.14743884449330835,36.0,PASS,
western-angles,obama,Cusp 8,arcsec,175.8980567,175.8981029389082,0.16646006951077652,36.0,PASS,
western-angles,obama,Cusp 9,arcsec,210.2890606,210.2890984496574,0.1362587665994397,36.0,PASS,
western-angles,obama,Cusp 11,arcsec,263.9742481,263.97428313136845,0.12611292638666782,36.0,PASS,
western-angles,obama,Cusp 12,arcsec,289.0165157,289.0165566552346,0.14743884444214927,36.0,PASS,
western-angles,beyonce,Ascendant,arcsec,29.0117746,29.01179230694433,0.06374499958923252,36.0,PASS,
western-angles,beyonce,Midheaven,arcsec,288.9434163,288.9434339868894,0.06367280166159617,36.0,PASS,
western-angles,beyonce,Cusp 2,arcsec,60.8100335,60.81004596556169,0.04487602207916552,36.0,PASS,
western-angles,beyonce,Cusp 3,arcsec,85.6680099,85.66802363035907,0.04942929265894236,36.0,PASS,
western-angles,beyonce,Cusp 5,arcsec,134.8173489,134.8173713562182,0.08084238543233369,36.0,PASS,
western-angles,beyonce,Cusp 6,arcsec,167.6536557,167.65368034474113,0.08872106807302771,36.0,PASS,
western-angles,beyonce,Cusp 8,arcsec,240.8100335,240.8100459655617,0.04487602210474506,36.0,PASS,
western-angles,beyonce,Cusp 9,arcsec,265.6680099,265.6680236303591,0.04942929260778328,36.0,PASS,
western-angles,beyonce,Cusp 11,arcsec,314.8173489,314.8173713562182,0.08084238543233369,36.0,PASS,
western-angles,beyonce,Cusp 12,arcsec,347.6536557,347.6536803447412,0.08872106827766402,36.0,PASS,
western-angles,diana,Ascendant,arcsec,258.408581,258.40853504851975,0.16542532898711215,36.0,PASS,
western-angles,diana,Midheaven,arcsec,203.0521823,203.0520988623059,0.30037569871410597,36.0,PASS,
western-angles,diana,Cusp 2,arcsec,299.8050309,299.804951393145,0.28622467800687446,36.0,PASS,
western-angles,diana,Cusp 3,arcsec,348.356043,348.3559429436503,0.3602028589511974,36.0,PASS,
western-angles,diana,Cusp 5,arcsec,46.0527336,46.052668177562964,0.23552077334159094,36.0,PASS,
western-angles,diana,Cusp 6,arcsec,63.2926847,63.29263180070211,0.190437472409144,36.0,PASS,
western-angles,diana,Cusp 8,arcsec,119.8050309,119.80495139314502,0.2862246779557154,36.0,PASS,
western-angles,diana,Cusp 9,arcsec,168.356043,168.35594294365023,0.3602028591558337,36.0,PASS,
western-angles,diana,Cusp 11,arcsec,226.0527336,226.05266817756294,0.23552077346948863,36.0,PASS,
western-angles,diana,Cusp 12,arcsec,243.2926847,243.2926318007021,0.19043747238356445,36.0,PASS,
western-angles,einstein,Ascendant,arcsec,101.6464077,101.64640498729622,0.009765733591393655,36.0,PASS,
western-angles,einstein,Midheaven,arcsec,342.8398598,342.83986532320716,0.019883545792254154,36.0,PASS,
western-angles,einstein,Cusp 2,arcsec,118.6172417,118.61724249092491,0.002847329693622669,36.0,PASS,
western-angles,einstein,Cusp 3,arcsec,137.8079798,137.80798349650698,0.013307425126640737,36.0,PASS,
western-angles,einstein,Cusp 5,arcsec,198.3329499,198.33295394509835,0.014562354112968023,36.0,PASS,
western-angles,einstein,Cusp 6,arcsec,243.1094725,243.10947110650073,0.005016597390294919,36.0,PASS,
western-angles,einstein,Cusp 8,arcsec,298.6172417,298.6172424909249,0.002847329642463592,36.0,PASS,
western-angles,einstein,Cusp 9,arcsec,317.8079798,317.80798349650695,0.013307425024322583,36.0,PASS,
western-angles,einstein,Cusp 11,arcsec,18.3329499,18.332953945098364,0.014562354112968023,36.0,PASS,
western-angles,einstein,Cusp 12,arcsec,63.1094725,63.10947110650075,0.0050165973135563036,36.0,PASS,
western-angles,jobs,Ascendant,arcsec,172.2939997,172.2940388465226,0.14092748134544308,36.0,PASS,
western-angles,jobs,Midheaven,arcsec,81.3175587,81.31760266663227,0.15827987614329686,36.0,PASS,
western-angles,jobs,Cusp 2,arcsec,198.2441819,198.24422499581746,0.15514494285753244,36.0,PASS,
western-angles,jobs,Cusp 3,arcsec,228.3543095,228.3543539703114,0.16009312101914475,36.0,PASS,
western-angles,jobs,Cusp 5,arcsec,294.477993,294.4780356287724,0.15346358045462694,36.0,PASS,
western-angles,jobs,Cusp 6,arcsec,325.2131794,325.2132205322854,0.1480762274013614,36.0,PASS,
western-angles,jobs,Cusp 8,arcsec,18.2441819,18.24422499581749,0.1551449429598506,36.0,PASS,
western-angles,jobs,Cusp 9,arcsec,48.3543095,48.35435397031142,0.1600931211214629,36.0,PASS,
western-angles,jobs,Cusp 11,arcsec,114.477993,114.47803562877237,0.1534635805569451,36.0,PASS,
western-angles,jobs,Cusp 12,arcsec,145.2131794,145.2132205322854,0.1480762274013614,36.0,PASS,
western-angles,musk,Ascendant,arcsec,103.4920408,103.4920911217836,0.18115842097472523,36.0,PASS,
western-angles,musk,Midheaven,arcsec,28.3445466,28.344591685943985,0.16230939834400715,36.0,PASS,
western-angles,musk,Cusp 2,arcsec,138.8956173,138.89567311004905,0.20091617657271854,36.0,PASS,
western-angles,musk,Cusp 3,arcsec,175.7031199,175.70317254029192,0.18950505093471293,36.0,PASS,
western-angles,musk,Cusp 5,arcsec,235.4596888,235.45972982807666,0.1477010759458608,36.0,PASS,
western-angles,musk,Cusp 6,arcsec,259.3785975,259.3786401894975,0.15368219096671965,36.0,PASS,
western-angles,musk,Cusp 8,arcsec,318.8956173,318.8956731100491,0.20091617657271854,36.0,PASS,
western-angles,musk,Cusp 9,arcsec,355.7031199,355.7031725402919,0.18950505093471293,36.0,PASS,
western-angles,musk,Cusp 11,arcsec,55.4596888,55.459729828076675,0.1477010760225994,36.0,PASS,
western-angles,musk,Cusp 12,arcsec,79.3785975,79.37864018949749,0.15368219096671965,36.0,PASS,
western-angles,monroe,Ascendant,arcsec,133.0682231,133.0682703660152,0.1701576547247896,36.0,PASS,
western-angles,monroe,Midheaven,arcsec,36.0029268,36.00298702058271,0.21679409775856584,36.0,PASS,
western-angles,monroe,Cusp 2,arcsec,156.13342,156.13347381788893,0.19374440013280037,36.0,PASS,
western-angles,monroe,Cusp 3,arcsec,183.6616622,183.66172173858013,0.21433888847468552,36.0,PASS,
western-angles,monroe,Cusp 5,arcsec,250.5817902,250.5818453272613,0.1984581406986763,36.0,PASS,
western-angles,monroe,Cusp 6,arcsec,283.5045371,283.50458695112127,0.17946403659152566,36.0,PASS,
western-angles,monroe,Cusp 8,arcsec,336.13342,336.1334738178889,0.1937444000304822,36.0,PASS,
western-angles,monroe,Cusp 9,arcsec,3.6616622,3.661721738580127,0.21433888845709959,36.0,PASS,
western-angles,monroe,Cusp 11,arcsec,70.5817902,70.5818453272613,0.1984581406986763,36.0,PASS,
western-angles,monroe,Cusp 12,arcsec,103.5045371,103.50458695112125,0.17946403654036658,36.0,PASS,
western-angles,jfk,Ascendant,arcsec,199.9985988,199.99862082026976,0.07927297116339105,36.0,PASS,
western-angles,jfk,Midheaven,arcsec,113.7775587,113.77758557756711,0.09675924159182614,36.0,PASS,
western-angles,jfk,Cusp 2,arcsec,227.3290872,227.32911163290373,0.08795845342319808,36.0,PASS,
western-angles,jfk,Cusp 3,arcsec,259.0311947,259.0312211457824,0.09520481662548264,36.0,PASS,
western-angles,jfk,Cusp 5,arcsec,327.3051525,327.3051777762634,0.09099454819079256,36.0,PASS,
western-angles,jfk,Cusp 6,arcsec,356.2498696,356.24989269006073,0.08312421859955066,36.0,PASS,
western-angles,jfk,Cusp 8,arcsec,47.3290872,47.32911163290373,0.08795845344877762,36.0,PASS,
western-angles,jfk,Cusp 9,arcsec,79.0311947,79.03122114578241,0.09520481667664171,36.0,PASS,
western-angles,jfk,Cusp 11,arcsec,147.3051525,147.3051777762634,0.09099454829311071,36.0,PASS,
western-angles,jfk,Cusp 12,arcsec,176.2498696,176.24989269006073,0.08312421859955066,36.0,PASS,
western-angles,reykjavik_summer,Ascendant,arcsec,167.1876799,167.18753408438258,0.5249362227459642,36.0,PASS,
western-angles,reykjavik_summer,Midheaven,arcsec,69.3637302,69.3634926597639,0.8551448499588332,36.0,PASS,
western-angles,reykjavik_summer,Cusp 2,arcsec,185.2431437,185.24297267665943,0.6156840260018726,36.0,PASS,
western-angles,reykjavik_summer,Cusp 3,arcsec,211.2304173,211.23021540012886,0.7268395361165858,36.0,PASS,
western-angles,reykjavik_summer,Cusp 5,arcsec,293.7430269,293.7428237404057,0.7313745395549631,36.0,PASS,
western-angles,reykjavik_summer,Cusp 6,arcsec,324.7922094,324.7920397533194,0.6107280501737478,36.0,PASS,
western-angles,reykjavik_summer,Cusp 8,arcsec,5.2431437,5.242972676659406,0.6156840261393626,36.0,PASS,
western-angles,reykjavik_summer,Cusp 9,arcsec,31.2304173,31.230215400128827,0.726839536218904,36.0,PASS,
western-angles,reykjavik_summer,Cusp 11,arcsec,113.7430269,113.7428237404057,0.731374539503804,36.0,PASS,
western-angles,reykjavik_summer,Cusp 12,arcsec,144.7922094,144.7920397533194,0.6107280501737478,36.0,PASS,
western-angles,ushuaia_winter,Ascendant,arcsec,314.1898536,314.18982578442126,0.10013608343797387,36.0,PASS,
western-angles,ushuaia_winter,Midheaven,arcsec,203.4481681,203.4481324789067,0.1282359358924623,36.0,PASS,
western-angles,ushuaia_winter,Cusp 2,arcsec,330.5761309,330.57610435737917,0.09555343503961922,36.0,PASS,
western-angles,ushuaia_winter,Cusp 3,arcsec,352.4960618,352.4960328030683,0.10438895408242388,36.0,PASS,
western-angles,ushuaia_winter,Cusp 5,arcsec,64.7001056,64.70006338337555,0.1519798480217105,36.0,PASS,
western-angles,ushuaia_winter,Cusp 6,arcsec,104.615703,104.61566715013805,0.12905950300137192,36.0,PASS,
western-angles,ushuaia_winter,Cusp 8,arcsec,150.5761309,150.57610435737917,0.09555343503961922,36.0,PASS,
western-angles,ushuaia_winter,Cusp 9,arcsec,172.4960618,172.49603280306837,0.10438895387778757,36.0,PASS,
western-angles,ushuaia_winter,Cusp 11,arcsec,244.7001056,244.70006338337558,0.15197984791939234,36.0,PASS,
western-angles,ushuaia_winter,Cusp 12,arcsec,284.615703,284.61566715013805,0.12905950300137192,36.0,PASS,
western-angles,quito_equinox,Ascendant,arcsec,268.7908317,268.79084534879814,0.04913567327093915,36.0,PASS,
western-angles,quito_equinox,Midheaven,arcsec,178.4783171,178.47833350056425,0.05904203129603047,36.0,PASS,
western-angles,quito_equinox,Cusp 2,arcsec,296.6230098,296.6230257107935,0.05727885672968114,36.0,PASS,
western-angles,quito_equinox,Cusp 3,arcsec,326.3824663,326.38248375928583,0.0628534290854077,36.0,PASS,
western-angles,quito_equinox,Cusp 5,arcsec,30.7378432,30.737856989627176,0.04964265783087285,36.0,PASS,
western-angles,quito_equinox,Cusp 6,arcsec,60.7958404,60.79585296844817,0.04524641341276947,36.0,PASS,
western-angles,quito_equinox,Cusp 8,arcsec,116.6230098,116.62302571079351,0.057278856627362984,36.0,PASS,
western-angles,quito_equinox,Cusp 9,arcsec,146.3824663,146.38248375928583,0.06285342898308954,36.0,PASS,
western-angles,quito_equinox,Cusp 11,arcsec,210.7378432,210.7378569896272,0.04964265798435008,36.0,PASS,
western-angles,quito_equinox,Cusp 12,arcsec,240.7958404,240.79585296844817,0.04524641341276947,36.0,PASS,
western-angles,ny_dst_spring,Ascendant,arcsec,299.554814,299.55481493384934,0.003361857557138137,36.0,PASS,
western-angles,ny_dst_spring,Midheaven,arcsec,232.6279737,232.62796213601956,0.041630329621966666,36.0,PASS,
western-angles,ny_dst_spring,Cusp 2,arcsec,345.8944111,345.89440034203943,0.03872865809171344,36.0,PASS,
western-angles,ny_dst_spring,Cusp 3,arcsec,24.8486738,24.848658878056366,0.05371899708421779,36.0,PASS,
western-angles,ny_dst_spring,Cusp 5,arcsec,74.5593725,74.55936575146143,0.02429473884149047,36.0,PASS,
western-angles,ny_dst_spring,Cusp 6,arcsec,95.2263232,95.2263211291554,0.0074550405656736984,36.0,PASS,
western-angles,ny_dst_spring,Cusp 8,arcsec,165.8944111,165.8944003420395,0.038728657887077134,36.0,PASS,
western-angles,ny_dst_spring,Cusp 9,arcsec,204.8486738,204.84865887805637,0.05371899707142802,36.0,PASS,
western-angles,ny_dst_spring,Cusp 11,arcsec,254.5593725,254.55936575146143,0.02429473884149047,36.0,PASS,
western-angles,ny_dst_spring,Cusp 12,arcsec,275.2263232,275.2263211291554,0.007455040667991852,36.0,PASS,
western-angles,ny_dst_fall,Ascendant,arcsec,146.1574548,146.1574553520091,0.001987232701594621,36.0,PASS,
western-angles,ny_dst_fall,Midheaven,arcsec,49.576984,49.57698539398326,0.005018339714979447,36.0,PASS,
western-angles,ny_dst_fall,Cusp 2,arcsec,168.7761311,168.77613394055822,0.010226009658254043,36.0,PASS,
western-angles,ny_dst_fall,Cusp 3,arcsec,196.5492694,196.54927244489593,0.010961625412164722,36.0,PASS,
western-angles,ny_dst_fall,Cusp 5,arcsec,264.8530575,264.85305703167336,0.0016859758261489333,36.0,PASS,
western-angles,ny_dst_fall,Cusp 6,arcsec,297.652777,297.652776538982,0.001659664917497139,36.0,PASS,
western-angles,ny_dst_fall,Cusp 8,arcsec,348.7761311,348.7761339405582,0.010226009658254043,36.0,PASS,
western-angles,ny_dst_fall,Cusp 9,arcsec,16.5492694,16.549272444895905,0.01096162525868749,36.0,PASS,
western-angles,ny_dst_fall,Cusp 11,arcsec,84.8530575,84.85305703167334,0.0016859759796261642,36.0,PASS,
western-angles,ny_dst_fall,Cusp 12,arcsec,117.652777,117.65277653898198,0.001659664866338062,36.0,PASS,
western-angles,mumbai_2000,Ascendant,arcsec,61.5428001,61.54279376915096,0.02279105654281466,36.0,PASS,
western-angles,mumbai_2000,Midheaven,arcsec,319.596506,319.59650703940395,0.003741854288819013,36.0,PASS,
western-angles,mumbai_2000,Cusp 2,arcsec,87.9407852,87.94078162896912,0.012855711145220994,36.0,PASS,
western-angles,mumbai_2000,Cusp 3,arcsec,112.8071925,112.80719194434447,0.0020003599161100283,36.0,PASS,
western-angles,mumbai_2000,Cusp 5,arcsec,170.849846,170.8498457385375,0.0009412650115336874,36.0,PASS,
western-angles,mumbai_2000,Cusp 6,arcsec,206.2842958,206.28429167122184,0.01486360137050724,36.0,PASS,
western-angles,mumbai_2000,Cusp 8,arcsec,267.9407852,267.94078162896915,0.01285571104290284,36.0,PASS,
western-angles,mumbai_2000,Cusp 9,arcsec,292.8071925,292.8071919443445,0.0020003598137918743,36.0,PASS,
western-angles,mumbai_2000,Cusp 11,arcsec,350.849846,350.8498457385375,0.0009412650115336874,36.0,PASS,
western-angles,mumbai_2000,Cusp 12,arcsec,26.2842958,26.284291671221837,0.01486360138329701,36.0,PASS,
western-angles,sydney_2010,Ascendant,arcsec,351.2696812,351.2696770232464,0.01503631287960161,36.0,PASS,
western-angles,sydney_2010,Midheaven,arcsec,260.4910402,260.49103523336976,0.017879868823911238,36.0,PASS,
western-angles,sydney_2010,Cusp 2,arcsec,17.8867709,17.886766823528188,0.014675298518795898,36.0,PASS,
western-angles,sydney_2010,Cusp 3,arcsec,48.1113577,48.111353002369015,0.016911471544744927,36.0,PASS,
western-angles,sydney_2010,Cusp 5,arcsec,112.9368647,112.93685980866383,0.017608810230740346,36.0,PASS,
western-angles,sydney_2010,Cusp 6,arcsec,143.5863243,143.58631955924744,0.017066709210666886,36.0,PASS,
western-angles,sydney_2010,Cusp 8,arcsec,197.8867709,197.88676682352818,0.014675298518795898,36.0,PASS,
western-angles,sydney_2010,Cusp 9,arcsec,228.1113577,228.11135300236901,0.016911471595904004,36.0,PASS,
western-angles,sydney_2010,Cusp 11,arcsec,292.9368647,292.9368598086638,0.017608810230740346,36.0,PASS,
western-angles,sydney_2010,Cusp 12,arcsec,323.5863243,323.58631955924744,0.017066709210666886,36.0,PASS,
western-angles,tokyo_1990,Ascendant,arcsec,58.4574105,58.457525621301855,0.414436686671138,36.0,PASS,
western-angles,tokyo_1990,Midheaven,arcsec,308.7905612,308.7906685939824,0.38661833655169175,36.0,PASS,
western-angles,tokyo_1990,Cusp 2,arcsec,83.7796805,83.77977536622295,0.34151840262666155,36.0,PASS,
western-angles,tokyo_1990,Cusp 3,arcsec,105.6628087,105.66290360742654,0.34166673555660054,36.0,PASS,
western-angles,tokyo_1990,Cusp 5,arcsec,157.3960095,157.3961383113617,0.46372090218937956,36.0,PASS,
western-angles,tokyo_1990,Cusp 6,arcsec,195.3381266,195.3382679554585,0.5088796505333448,36.0,PASS,
western-angles,tokyo_1990,Cusp 8,arcsec,263.7796805,263.77977536622296,0.3415184027289797,36.0,PASS,
western-angles,tokyo_1990,Cusp 9,arcsec,285.6628087,285.66290360742653,0.3416667354031233,36.0,PASS,
western-angles,tokyo_1990,Cusp 11,arcsec,337.3960095,337.39613831136177,0.46372090239401587,36.0,PASS,
western-angles,tokyo_1990,Cusp 12,arcsec,15.3381266,15.338267955458488,0.5088796505525295,36.0,PASS,
western-angles,boston_1900,Ascendant,arcsec,192.6313427,192.63137244973245,0.10709903681345168,36.0,PASS,
western-angles,boston_1900,Midheaven,arcsec,104.9114551,104.91149062696732,0.1278970823648251,36.0,PASS,
western-angles,boston_1900,Cusp 2,arcsec,219.4041939,219.40422654102528,0.1175076910271855,36.0,PASS,
western-angles,boston_1900,Cusp 3,arcsec,250.5665625,250.56659719758667,0.12491131201386452,36.0,PASS,
western-angles,boston_1900,Cusp 5,arcsec,318.55728,318.5573142397616,0.12326314172241837,36.0,PASS,
western-angles,boston_1900,Cusp 6,arcsec,348.099016,348.0990478310494,0.11459177783308405,36.0,PASS,
western-angles,boston_1900,Cusp 8,arcsec,39.4041939,39.40422654102531,0.11750769110392412,36.0,PASS,
western-angles,boston_1900,Cusp 9,arcsec,70.5665625,70.5665971975867,0.12491131211618267,36.0,PASS,
western-angles,boston_1900,Cusp 11,arcsec,138.55728,138.5573142397616,0.12326314182473652,36.0,PASS,
western-angles,boston_1900,Cusp 12,arcsec,168.099016,168.0990478310494,0.11459177783308405,36.0,PASS,
western-angles,greenwich_y2k,Ascendant,arcsec,187.0305813,187.03050000976154,0.2926448584389618,36.0,PASS,
western-angles,greenwich_y2k,Midheaven,arcsec,99.1581415,99.15803498422173,0.3834568017737183,36.0,PASS,
western-angles,greenwich_y2k,Cusp 2,arcsec,211.735632,211.7355428066709,0.3210959847706363,36.0,PASS,
western-angles,greenwich_y2k,Cusp 3,arcsec,242.597089,242.59699072733468,0.35378159517449603,36.0,PASS,
western-angles,greenwich_y2k,Cusp 5,arcsec,314.7390639,314.73896092243734,0.37071922563427506,36.0,PASS,
western-angles,greenwich_y2k,Cusp 6,arcsec,344.0119,344.0118067286991,0.335776683232325,36.0,PASS,
western-angles,greenwich_y2k,Cusp 8,arcsec,31.735632,31.73554280667088,0.3210959848345851,36.0,PASS,
western-angles,greenwich_y2k,Cusp 9,arcsec,62.597089,62.596990727334685,0.35378159512333696,36.0,PASS,
western-angles,greenwich_y2k,Cusp 11,arcsec,134.7390639,134.73896092243734,0.3707192255319569,36.0,PASS,
western-angles,greenwich_y2k,Cusp 12,arcsec,164.0119,164.01180672869913,0.33577668313000686,36.0,PASS,
western-angles,samoa_skipped_day,Ascendant,arcsec,2.2347472,2.234743790152365,0.012275451487298028,36.0,PASS,
western-angles,samoa_skipped_day,Midheaven,arcsec,272.0823284,272.08232542665377,0.010704046417231439,36.0,PASS,
western-angles,samoa_skipped_day,Cusp 2,arcsec,32.4059752,32.40597089062514,0.015513749491447015,36.0,PASS,
western-angles,samoa_skipped_day,Cusp 3,arcsec,62.5592645,62.5592603523725,0.014931459000422365,36.0,PASS,
western-angles,samoa_skipped_day,Cusp 5,arcsec,121.7155443,121.71554218584987,0.007610940485847095,36.0,PASS,
western-angles,samoa_skipped_day,Cusp 6,arcsec,152.0621594,152.06215694988123,0.008820427626687888,36.0,PASS,
western-angles,samoa_skipped_day,Cusp 8,arcsec,212.4059752,212.40597089062516,0.015513749440287938,36.0,PASS,
western-angles,samoa_skipped_day,Cusp 9,arcsec,242.5592645,242.5592603523725,0.01493145907716098,36.0,PASS,
western-angles,samoa_skipped_day,Cusp 11,arcsec,301.7155443,301.71554218584987,0.007610940383528941,36.0,PASS,
western-angles,samoa_skipped_day,Cusp 12,arcsec,332.0621594,332.0621569498813,0.008820427319733426,36.0,PASS,
western-angles,anchorage_winter,Ascendant,arcsec,303.1606897,303.1611038619639,1.4909830701526516,36.0,PASS,
western-angles,anchorage_winter,Midheaven,arcsec,256.6257965,256.625932952428,0.49122874088425306,36.0,PASS,
western-angles,anchorage_winter,Cusp 2,arcsec,34.1692642,34.169547283368196,1.019100125503769,36.0,PASS,
western-angles,anchorage_winter,Cusp 3,arcsec,61.9115341,61.9116955197677,0.5811111637200383,36.0,PASS,
western-angles,anchorage_winter,Cusp 5,arcsec,88.2654749,88.26561939799984,0.5201927994278321,36.0,PASS,
western-angles,anchorage_winter,Cusp 6,arcsec,100.7849012,100.78509108500356,0.6835860128319382,36.0,PASS,
western-angles,anchorage_winter,Cusp 8,arcsec,214.1692642,214.1695472833682,1.0191001255293486,36.0,PASS,
western-angles,anchorage_winter,Cusp 9,arcsec,241.9115341,241.9116955197677,0.5811111636944588,36.0,PASS,
western-angles,anchorage_winter,Cusp 11,arcsec,268.2654749,268.26561939799984,0.5201927993766731,36.0,PASS,
western-angles,anchorage_winter,Cusp 12,arcsec,280.7849012,280.78509108500356,0.6835860128830973,36.0,PASS,
vedic,obama,ayanamsa,arcsec,23.3183174,23.318319840480154,0.008785728547877625,3.0,PASS,
vedic,obama,Sun,arcsec,109.2295915,109.22960061820997,0.03282555590544689,36.0,PASS,
vedic,obama,Sun nakshatra,exact,9,9,0.0,0.0,PASS,
vedic,obama,Sun pada,exact,1,1,0.0,0.0,PASS,
vedic,obama,Sun navamsa,exact,sagittarius,sagittarius,0.0,0.0,PASS,
vedic,obama,Moon,arcsec,40.0390598,40.03906987258698,0.0362613131329681,72.0,PASS,
vedic,obama,Moon nakshatra,exact,4,4,0.0,0.0,PASS,
vedic,obama,Moon pada,exact,1,1,0.0,0.0,PASS,
vedic,obama,Moon navamsa,exact,aries,aries,0.0,0.0,PASS,
vedic,obama,Mars,arcsec,149.2582718,149.25828107501783,0.03339006424312174,36.0,PASS,
vedic,obama,Mars nakshatra,exact,12,12,0.0,0.0,PASS,
vedic,obama,Mars pada,exact,1,1,0.0,0.0,PASS,
vedic,obama,Mars navamsa,exact,sagittarius,sagittarius,0.0,0.0,PASS,
vedic,obama,Mercury,arcsec,99.0132745,99.01328370047308,0.033121703114602496,36.0,PASS,
vedic,obama,Mercury nakshatra,exact,8,8,0.0,0.0,PASS,
vedic,obama,Mercury pada,exact,2,2,0.0,0.0,PASS,
vedic,obama,Mercury navamsa,exact,virgo,virgo,0.0,0.0,PASS,
vedic,obama,Jupiter,arcsec,277.540299,277.54030816786343,0.03300430832950951,36.0,PASS,
vedic,obama,Jupiter nakshatra,exact,21,21,0.0,0.0,PASS,
vedic,obama,Jupiter pada,exact,4,4,0.0,0.0,PASS,
vedic,obama,Jupiter navamsa,exact,pisces,pisces,0.0,0.0,PASS,
vedic,obama,Venus,arcsec,68.4710276,68.47103690712521,0.03350565075947998,36.0,PASS,
vedic,obama,Venus nakshatra,exact,6,6,0.0,0.0,PASS,
vedic,obama,Venus pada,exact,1,1,0.0,0.0,PASS,
vedic,obama,Venus navamsa,exact,sagittarius,sagittarius,0.0,0.0,PASS,
vedic,obama,Saturn,arcsec,272.0124205,272.0124296355287,0.032887903216760606,36.0,PASS,
vedic,obama,Saturn nakshatra,exact,21,21,0.0,0.0,PASS,
vedic,obama,Saturn pada,exact,2,2,0.0,0.0,PASS,
vedic,obama,Saturn navamsa,exact,capricorn,capricorn,0.0,0.0,PASS,
vedic,obama,Lagna,arcsec,294.7262523,294.72629953004645,0.17002816721287672,36.0,PASS,
vedic,obama,Lagna nakshatra,exact,23,23,0.0,0.0,PASS,
vedic,obama,Lagna pada,exact,1,1,0.0,0.0,PASS,
vedic,obama,Lagna navamsa,exact,leo,leo,0.0,0.0,PASS,
vedic,obama,dasha lord,exact,Moon,Moon,0.0,0.0,PASS,
vedic,obama,dasha balance,days,3641.8,3642,0.1999999999998181,1.0,PASS,
vedic,beyonce,ayanamsa,arcsec,23.5970361,23.597038476815122,0.008556534437786922,3.0,PASS,
vedic,beyonce,Sun,arcsec,138.8585242,138.858534956651,0.03872394357813391,36.0,PASS,
vedic,beyonce,Sun nakshatra,exact,11,11,0.0,0.0,PASS,
vedic,beyonce,Sun pada,exact,2,2,0.0,0.0,PASS,
vedic,beyonce,Sun navamsa,exact,virgo,virgo,0.0,0.0,PASS,
vedic,beyonce,Moon,arcsec,213.1374349,213.13744671322772,0.04252761982570519,72.0,PASS,
vedic,beyonce,Moon nakshatra,exact,16,16,0.0,0.0,PASS,
vedic,beyonce,Moon pada,exact,4,4,0.0,0.0,PASS,
vedic,beyonce,Moon navamsa,exact,cancer,cancer,0.0,0.0,PASS,
vedic,beyonce,Mars,arcsec,98.3320605,98.33207126136602,0.038740917699442434,36.0,PASS,
vedic,beyonce,Mars nakshatra,exact,8,8,0.0,0.0,PASS,
vedic,beyonce,Mars pada,exact,2,2,0.0,0.0,PASS,
vedic,beyonce,Mars navamsa,exact,virgo,virgo,0.0,0.0,PASS,
vedic,beyonce,Mercury,arcsec,159.6833319,159.68334267298962,0.03878276260138591,36.0,PASS,
vedic,beyonce,Mercury nakshatra,exact,12,12,0.0,0.0,PASS,
vedic,beyonce,Mercury pada,exact,4,4,0.0,0.0,PASS,
vedic,beyonce,Mercury navamsa,exact,pisces,pisces,0.0,0.0,PASS,
vedic,beyonce,Jupiter,arcsec,168.8900237,168.89003472396467,0.039686272828021174,36.0,PASS,
vedic,beyonce,Jupiter nakshatra,exact,13,13,0.0,0.0,PASS,
vedic,beyonce,Jupiter pada,exact,3,3,0.0,0.0,PASS,
vedic,beyonce,Jupiter navamsa,exact,gemini,gemini,0.0,0.0,PASS,
vedic,beyonce,Venus,arcsec,177.2043237,177.20433444817846,0.038693442434123426,36.0,PASS,
vedic,beyonce,Venus nakshatra,exact,14,14,0.0,0.0,PASS,
vedic,beyonce,Venus pada,exact,2,2,0.0,0.0,PASS,
vedic,beyonce,Venus navamsa,exact,virgo,virgo,0.0,0.0,PASS,
vedic,beyonce,Saturn,arcsec,165.5103636,165.51037474910385,0.04013677382772585,36.0,PASS,
vedic,beyonce,Saturn nakshatra,exact,13,13,0.0,0.0,PASS,
vedic,beyonce,Saturn pada,exact,2,2,0.0,0.0,PASS,
vedic,beyonce,Saturn navamsa,exact,taurus,taurus,0.0,0.0,PASS,
vedic,beyonce,Lagna,arcsec,5.4147385,5.414753830129207,0.055188465145050714,36.0,PASS,
vedic,beyonce,Lagna nakshatra,exact,1,1,0.0,0.0,PASS,
vedic,beyonce,Lagna pada,exact,2,2,0.0,0.0,PASS,
vedic,beyonce,Lagna navamsa,exact,taurus,taurus,0.0,0.0,PASS,
vedic,beyonce,dasha lord,exact,Jupiter,Jupiter,0.0,0.0,PASS,
vedic,beyonce,dasha balance,days,85.862,86,0.13800000000000523,1.0,PASS,
vedic,diana,ayanamsa,arcsec,23.3170077,23.317010078188368,0.00856147811845176,3.0,PASS,
vedic,diana,Sun,arcsec,76.3460369,76.34604739920948,0.03779715412974838,36.0,PASS,
vedic,diana,Sun nakshatra,exact,6,6,0.0,0.0,PASS,
vedic,diana,Sun pada,exact,3,3,0.0,0.0,PASS,
vedic,diana,Sun navamsa,exact,aquarius,aquarius,0.0,0.0,PASS,
vedic,diana,Moon,arcsec,301.7208699,301.72088040301406,0.037810850540154206,72.0,PASS,
vedic,diana,Moon nakshatra,exact,23,23,0.0,0.0,PASS,
vedic,diana,Moon pada,exact,3,3,0.0,0.0,PASS,
vedic,diana,Moon navamsa,exact,libra,libra,0.0,0.0,PASS,
vedic,diana,Mars,arcsec,128.328694,128.32870467216722,0.038419801944655774,36.0,PASS,
vedic,diana,Mars nakshatra,exact,10,10,0.0,0.0,PASS,
vedic,diana,Mars pada,exact,3,3,0.0,0.0,PASS,
vedic,diana,Mars navamsa,exact,gemini,gemini,0.0,0.0,PASS,
vedic,diana,Mercury,arcsec,69.8843818,69.88439272702522,0.03933729077516546,36.0,PASS,
vedic,diana,Mercury nakshatra,exact,6,6,0.0,0.0,PASS,
vedic,diana,Mercury pada,exact,1,1,0.0,0.0,PASS,
vedic,diana,Mercury navamsa,exact,sagittarius,sagittarius,0.0,0.0,PASS,
vedic,diana,Jupiter,arcsec,281.780064,281.78007459019676,0.03812470840784954,36.0,PASS,
vedic,diana,Jupiter nakshatra,exact,22,22,0.0,0.0,PASS,
vedic,diana,Jupiter pada,exact,1,1,0.0,0.0,PASS,
vedic,diana,Jupiter navamsa,exact,aries,aries,0.0,0.0,PASS,
vedic,diana,Venus,arcsec,31.0828203,31.082831383558933,0.03990081215192731,36.0,PASS,
vedic,diana,Venus nakshatra,exact,3,3,0.0,0.0,PASS,
vedic,diana,Venus pada,exact,2,2,0.0,0.0,PASS,
vedic,diana,Venus navamsa,exact,capricorn,capricorn,0.0,0.0,PASS,
vedic,diana,Saturn,arcsec,274.4969873,274.4969978412037,0.03794833339725301,36.0,PASS,
vedic,diana,Saturn nakshatra,exact,21,21,0.0,0.0,PASS,
vedic,diana,Saturn pada,exact,3,3,0.0,0.0,PASS,
vedic,diana,Saturn navamsa,exact,aquarius,aquarius,0.0,0.0,PASS,
vedic,diana,Lagna,arcsec,235.0915733,235.0915249703314,0.17398680696487645,36.0,PASS,
vedic,diana,Lagna nakshatra,exact,18,18,0.0,0.0,PASS,
vedic,diana,Lagna pada,exact,3,3,0.0,0.0,PASS,
vedic,diana,Lagna navamsa,exact,aquarius,aquarius,0.0,0.0,PASS,
vedic,diana,dasha lord,exact,Mars,Mars,0.0,0.0,PASS,
vedic,diana,dasha balance,days,948.387,948,0.3869999999999436,1.0,PASS,
vedic,einstein,ayanamsa,arcsec,22.1741398,22.174142407895687,0.009388424476242108,3.0,PASS,
vedic,einstein,Sun,arcsec,331.3335239,331.33360509609224,0.2923059321119581,36.0,PASS,
vedic,einstein,Sun nakshatra,exact,25,25,0.0,0.0,PASS,
vedic,einstein,Sun pada,exact,4,4,0.0,0.0,PASS,
vedic,einstein,Sun navamsa,exact,cancer,cancer,0.0,0.0,PASS,
vedic,einstein,Moon,arcsec,232.3516907,232.35176054447015,0.2514400925292648,72.0,PASS,
vedic,einstein,Moon nakshatra,exact,18,18,0.0,0.0,PASS,
vedic,einstein,Moon pada,exact,2,2,0.0,0.0,PASS,
vedic,einstein,Moon navamsa,exact,capricorn,capricorn,0.0,0.0,PASS,
vedic,einstein,Mars,arcsec,274.7399986,274.7400799057707,0.2927007745938681,36.0,PASS,
vedic,einstein,Mars nakshatra,exact,21,21,0.0,0.0,PASS,
vedic,einstein,Mars pada,exact,3,3,0.0,0.0,PASS,
vedic,einstein,Mars navamsa,exact,aquarius,aquarius,0.0,0.0,PASS,
vedic,einstein,Mercury,arcsec,340.9696615,340.969741989733,0.2897630388815742,36.0,PASS,
vedic,einstein,Mercury nakshatra,exact,26,26,0.0,0.0,PASS,
vedic,einstein,Mercury pada,exact,3,3,0.0,0.0,PASS,
vedic,einstein,Mercury navamsa,exact,libra,libra,0.0,0.0,PASS,
vedic,einstein,Jupiter,arcsec,305.3098762,305.3099579897097,0.294442954805163,36.0,PASS,
vedic,einstein,Jupiter nakshatra,exact,23,23,0.0,0.0,PASS,
vedic,einstein,Jupiter pada,exact,4,4,0.0,0.0,PASS,
vedic,einstein,Jupiter navamsa,exact,scorpio,scorpio,0.0,0.0,PASS,
vedic,einstein,Venus,arcsec,354.8107861,354.810867274281,0.29222741172816313,36.0,PASS,
vedic,einstein,Venus nakshatra,exact,27,27,0.0,0.0,PASS,
vedic,einstein,Venus pada,exact,3,3,0.0,0.0,PASS,
vedic,einstein,Venus navamsa,exact,aquarius,aquarius,0.0,0.0,PASS,
vedic,einstein,Saturn,arcsec,342.0156041,342.01568632596394,0.2960134701197603,36.0,PASS,
vedic,einstein,Saturn nakshatra,exact,26,26,0.0,0.0,PASS,
vedic,einstein,Saturn pada,exact,3,3,0.0,0.0,PASS,
vedic,einstein,Saturn navamsa,exact,libra,libra,0.0,0.0,PASS,
vedic,einstein,Lagna,arcsec,79.4722679,79.47226257940054,0.0191541580932153,36.0,PASS,
vedic,einstein,Lagna nakshatra,exact,6,6,0.0,0.0,PASS,
vedic,einstein,Lagna pada,exact,4,4,0.0,0.0,PASS,
vedic,einstein,Lagna navamsa,exact,pisces,pisces,0.0,0.0,PASS,
vedic,einstein,dasha lord,exact,Mercury,Mercury,0.0,0.0,PASS,
vedic,einstein,dasha balance,days,3561.77,3562,0.2300000000000182,1.0,PASS,
vedic,jobs,ayanamsa,arcsec,23.2356567,23.23565907882998,0.00856378792519763,3.0,PASS,
vedic,jobs,Sun,arcsec,312.5124473,312.51246804224303,0.07467207483387028,36.0,PASS,
vedic,jobs,Sun nakshatra,exact,24,24,0.0,0.0,PASS,
vedic,jobs,Sun pada,exact,2,2,0.0,0.0,PASS,
vedic,jobs,Sun navamsa,exact,capricorn,capricorn,0.0,0.0,PASS,
vedic,jobs,Moon,arcsec,344.5115421,344.51156184945023,0.07109802088507422,72.0,PASS,
vedic,jobs,Moon nakshatra,exact,26,26,0.0,0.0,PASS,
vedic,jobs,Moon pada,exact,4,4,0.0,0.0,PASS,
vedic,jobs,Moon navamsa,exact,scorpio,scorpio,0.0,0.0,PASS,
vedic,jobs,Mars,arcsec,5.8548017,5.8548224605996,0.07473815855796317,36.0,PASS,
vedic,jobs,Mars nakshatra,exact,1,1,0.0,0.0,PASS,
vedic,jobs,Mars pada,exact,2,2,0.0,0.0,PASS,
vedic,jobs,Mars navamsa,exact,taurus,taurus,0.0,0.0,PASS,
vedic,jobs,Mercury,arcsec,291.1260492,291.12606992006585,0.07459223700152506,36.0,PASS,
vedic,jobs,Mercury nakshatra,exact,22,22,0.0,0.0,PASS,
vedic,jobs,Mercury pada,exact,4,4,0.0,0.0,PASS,
vedic,jobs,Mercury navamsa,exact,cancer,cancer,0.0,0.0,PASS,
vedic,jobs,Jupiter,arcsec,87.2722799,87.27230062065016,0.07459434056045211,36.0,PASS,
vedic,jobs,Jupiter nakshatra,exact,7,7,0.0,0.0,PASS,
vedic,jobs,Jupiter pada,exact,3,3,0.0,0.0,PASS,
vedic,jobs,Jupiter navamsa,exact,gemini,gemini,0.0,0.0,PASS,
vedic,jobs,Venus,arcsec,267.9361822,267.93620301184853,0.0749226546531645,36.0,PASS,
vedic,jobs,Venus nakshatra,exact,21,21,0.0,0.0,PASS,
vedic,jobs,Venus pada,exact,1,1,0.0,0.0,PASS,
vedic,jobs,Venus navamsa,exact,sagittarius,sagittarius,0.0,0.0,PASS,
vedic,jobs,Saturn,arcsec,207.927001,207.92702229624575,0.07666648474469184,36.0,PASS,
vedic,jobs,Saturn nakshatra,exact,16,16,0.0,0.0,PASS,
vedic,jobs,Saturn pada,exact,3,3,0.0,0.0,PASS,
vedic,jobs,Saturn navamsa,exact,gemini,gemini,0.0,0.0,PASS,
vedic,jobs,Lagna,arcsec,149.058343,149.05837976769263,0.13236369343303522,36.0,PASS,
vedic,jobs,Lagna nakshatra,exact,12,12,0.0,0.0,PASS,
vedic,jobs,Lagna pada,exact,1,1,0.0,0.0,PASS,
vedic,jobs,Lagna navamsa,exact,sagittarius,sagittarius,0.0,0.0,PASS,
vedic,jobs,dasha lord,exact,Saturn,Saturn,0.0,0.0,PASS,
vedic,jobs,dasha balance,days,1121.702,1122,0.2980000000000018,1.0,PASS,
vedic,musk,ayanamsa,arcsec,23.462157,23.462159308592128,0.00831093165487573,3.0,PASS,
vedic,musk,Sun,arcsec,72.4284564,72.42846688080579,0.03773090082290764,36.0,PASS,
vedic,musk,Sun nakshatra,exact,6,6,0.0,0.0,PASS,
vedic,musk,Sun pada,exact,2,2,0.0,0.0,PASS,
vedic,musk,Sun navamsa,exact,capricorn,capricorn,0.0,0.0,PASS,
vedic,musk,Moon,arcsec,134.7805312,134.78054139679367,0.036708457150780305,72.0,PASS,
vedic,musk,Moon nakshatra,exact,11,11,0.0,0.0,PASS,
vedic,musk,Moon pada,exact,1,1,0.0,0.0,PASS,
vedic,musk,Moon navamsa,exact,leo,leo,0.0,0.0,PASS,
vedic,musk,Mars,arcsec,297.443475,297.44348581531165,0.038935122006478196,36.0,PASS,
vedic,musk,Mars nakshatra,exact,23,23,0.0,0.0,PASS,
vedic,musk,Mars pada,exact,2,2,0.0,0.0,PASS,
vedic,musk,Mars navamsa,exact,virgo,virgo,0.0,0.0,PASS,
vedic,musk,Mercury,arcsec,80.604389,80.60439941515045,0.037494541641081014,36.0,PASS,
vedic,musk,Mercury nakshatra,exact,7,7,0.0,0.0,PASS,
vedic,musk,Mercury pada,exact,1,1,0.0,0.0,PASS,
vedic,musk,Mercury navamsa,exact,aries,aries,0.0,0.0,PASS,
vedic,musk,Jupiter,arcsec,214.1857771,214.1857878110525,0.03855978903857249,36.0,PASS,
vedic,musk,Jupiter nakshatra,exact,17,17,0.0,0.0,PASS,
vedic,musk,Jupiter pada,exact,1,1,0.0,0.0,PASS,
vedic,musk,Jupiter navamsa,exact,leo,leo,0.0,0.0,PASS,
vedic,musk,Venus,arcsec,55.9346171,55.93462765761854,0.038007426761055285,36.0,PASS,
vedic,musk,Venus nakshatra,exact,5,5,0.0,0.0,PASS,
vedic,musk,Venus pada,exact,1,1,0.0,0.0,PASS,
vedic,musk,Venus navamsa,exact,leo,leo,0.0,0.0,PASS,
vedic,musk,Saturn,arcsec,37.6604639,37.66047479883514,0.03923580648859115,36.0,PASS,
vedic,musk,Saturn nakshatra,exact,3,3,0.0,0.0,PASS,
vedic,musk,Saturn pada,exact,4,4,0.0,0.0,PASS,
vedic,musk,Saturn navamsa,exact,pisces,pisces,0.0,0.0,PASS,
vedic,musk,Lagna,arcsec,80.0298839,80.02993181319147,0.1724874892772732,36.0,PASS,
vedic,musk,Lagna nakshatra,exact,7,7,0.0,0.0,PASS,
vedic,musk,Lagna pada,exact,1,1,0.0,0.0,PASS,
vedic,musk,Lagna navamsa,exact,aries,aries,0.0,0.0,PASS,
vedic,musk,dasha lord,exact,Venus,Venus,0.0,0.0,PASS,
vedic,musk,dasha balance,days,6512.116,6512,0.11599999999998545,1.0,PASS,
vedic,monroe,ayanamsa,arcsec,22.8245927,22.824595092815017,0.00861413405885969,3.0,PASS,
vedic,monroe,Sun,arcsec,47.6197242,47.6197643610284,0.14457970224555083,36.0,PASS,
vedic,monroe,Sun nakshatra,exact,4,4,0.0,0.0,PASS,
vedic,monroe,Sun pada,exact,3,3,0.0,0.0,PASS,
vedic,monroe,Sun navamsa,exact,gemini,gemini,0.0,0.0,PASS,
vedic,monroe,Moon,arcsec,296.2737518,296.27379053813786,0.13945729624538217,72.0,PASS,
vedic,monroe,Moon nakshatra,exact,23,23,0.0,0.0,PASS,
vedic,monroe,Moon pada,exact,1,1,0.0,0.0,PASS,
vedic,monroe,Moon navamsa,exact,leo,leo,0.0,0.0,PASS,
vedic,monroe,Mars,arcsec,327.90694,327.90698053648777,0.145931355882567,36.0,PASS,
vedic,monroe,Mars nakshatra,exact,25,25,0.0,0.0,PASS,
vedic,monroe,Mars pada,exact,3,3,0.0,0.0,PASS,
vedic,monroe,Mars navamsa,exact,gemini,gemini,0.0,0.0,PASS,
vedic,monroe,Mercury,arcsec,43.9540155,43.95405551514111,0.14405450799586106,36.0,PASS,
vedic,monroe,Mercury nakshatra,exact,4,4,0.0,0.0,PASS,
vedic,monroe,Mercury pada,exact,2,2,0.0,0.0,PASS,
vedic,monroe,Mercury navamsa,exact,taurus,taurus,0.0,0.0,PASS,
vedic,monroe,Jupiter,arcsec,304.0010752,304.001115485738,0.14502865683425625,36.0,PASS,
vedic,monroe,Jupiter nakshatra,exact,23,23,0.0,0.0,PASS,
vedic,monroe,Jupiter pada,exact,4,4,0.0,0.0,PASS,
vedic,monroe,Jupiter navamsa,exact,scorpio,scorpio,0.0,0.0,PASS,
vedic,monroe,Venus,arcsec,5.925786,5.925826609994058,0.14619597860630051,36.0,PASS,
vedic,monroe,Venus nakshatra,exact,1,1,0.0,0.0,PASS,
vedic,monroe,Venus pada,exact,2,2,0.0,0.0,PASS,
vedic,monroe,Venus navamsa,exact,taurus,taurus,0.0,0.0,PASS,
vedic,monroe,Saturn,arcsec,208.6170197,208.61706042851006,0.146622636259508,36.0,PASS,
vedic,monroe,Saturn nakshatra,exact,16,16,0.0,0.0,PASS,
vedic,monroe,Saturn pada,exact,3,3,0.0,0.0,PASS,
vedic,monroe,Saturn navamsa,exact,gemini,gemini,0.0,0.0,PASS,
vedic,monroe,Lagna,arcsec,110.2436304,110.2436752732002,0.16154352070429923,36.0,PASS,
vedic,monroe,Lagna nakshatra,exact,9,9,0.0,0.0,PASS,
vedic,monroe,Lagna pada,exact,2,2,0.0,0.0,PASS,
vedic,monroe,Lagna navamsa,exact,capricorn,capricorn,0.0,0.0,PASS,
vedic,monroe,dasha lord,exact,Mars,Mars,0.0,0.0,PASS,
vedic,monroe,dasha balance,days,1992.906,1993,0.09400000000005093,1.0,PASS,
vedic,jfk,ayanamsa,arcsec,22.7079293,22.70793190532143,0.009379157150135597,3.0,PASS,
vedic,jfk,Sun,arcsec,45.1355581,45.13560973673475,0.1858922451106082,36.0,PASS,
vedic,jfk,Sun nakshatra,exact,4,4,0.0,0.0,PASS,
vedic,jfk,Sun pada,exact,2,2,0.0,0.0,PASS,
vedic,jfk,Sun navamsa,exact,taurus,taurus,0.0,0.0,PASS,
vedic,jfk,Moon,arcsec,144.5010528,144.50110125234954,0.17442845836512788,72.0,PASS,
vedic,jfk,Moon nakshatra,exact,11,11,0.0,0.0,PASS,
vedic,jfk,Moon pada,exact,4,4,0.0,0.0,PASS,
vedic,jfk,Moon navamsa,exact,scorpio,scorpio,0.0,0.0,PASS,
vedic,jfk,Mars,arcsec,25.7231734,25.7232251897887,0.18644323931766849,36.0,PASS,
vedic,jfk,Mars nakshatra,exact,2,2,0.0,0.0,PASS,
vedic,jfk,Mars pada,exact,4,4,0.0,0.0,PASS,
vedic,jfk,Mars navamsa,exact,scorpio,scorpio,0.0,0.0,PASS,
vedic,jfk,Mercury,arcsec,27.8854808,27.885533348170647,0.18917341432853618,36.0,PASS,
vedic,jfk,Mercury nakshatra,exact,3,3,0.0,0.0,PASS,
vedic,jfk,Mercury pada,exact,1,1,0.0,0.0,PASS,
vedic,jfk,Mercury navamsa,exact,sagittarius,sagittarius,0.0,0.0,PASS,
vedic,jfk,Jupiter,arcsec,30.3392572,30.339309220161915,0.18727258290027748,36.0,PASS,
vedic,jfk,Jupiter nakshatra,exact,3,3,0.0,0.0,PASS,
vedic,jfk,Jupiter pada,exact,2,2,0.0,0.0,PASS,
vedic,jfk,Jupiter navamsa,exact,capricorn,capricorn,0.0,0.0,PASS,
vedic,jfk,Venus,arcsec,54.0369593,54.03701087744038,0.18567878537112392,36.0,PASS,
vedic,jfk,Venus nakshatra,exact,5,5,0.0,0.0,PASS,
vedic,jfk,Venus pada,exact,1,1,0.0,0.0,PASS,
vedic,jfk,Venus navamsa,exact,leo,leo,0.0,0.0,PASS,
vedic,jfk,Saturn,arcsec,94.4532153,94.45326713092663,0.18659133589267185,36.0,PASS,
vedic,jfk,Saturn nakshatra,exact,8,8,0.0,0.0,PASS,
vedic,jfk,Saturn pada,exact,1,1,0.0,0.0,PASS,
vedic,jfk,Saturn navamsa,exact,leo,leo,0.0,0.0,PASS,
vedic,jfk,Lagna,arcsec,177.2906695,177.29068891494833,0.06989381397488614,36.0,PASS,
vedic,jfk,Lagna nakshatra,exact,14,14,0.0,0.0,PASS,
vedic,jfk,Lagna pada,exact,2,2,0.0,0.0,PASS,
vedic,jfk,Lagna navamsa,exact,virgo,virgo,0.0,0.0,PASS,
vedic,jfk,dasha lord,exact,Venus,Venus,0.0,0.0,PASS,
vedic,jfk,dasha balance,days,1186.486,1186,0.4860000000001037,1.0,PASS,
vedic,reykjavik_summer,ayanamsa,arcsec,23.6507957,23.650798317263757,0.00942214952459608,3.0,PASS,
vedic,reykjavik_summer,Sun,arcsec,66.3994802,66.3994908701842,0.038412663104736566,36.0,PASS,
vedic,reykjavik_summer,Sun nakshatra,exact,5,5,0.0,0.0,PASS,
vedic,reykjavik_summer,Sun pada,exact,4,4,0.0,0.0,PASS,
vedic,reykjavik_summer,Sun navamsa,exact,scorpio,scorpio,0.0,0.0,PASS,
vedic,reykjavik_summer,Moon,arcsec,102.0780212,102.07803192504335,0.038610156070717494,72.0,PASS,
vedic,reykjavik_summer,Moon nakshatra,exact,8,8,0.0,0.0,PASS,
vedic,reykjavik_summer,Moon pada,exact,3,3,0.0,0.0,PASS,
vedic,reykjavik_summer,Moon navamsa,exact,libra,libra,0.0,0.0,PASS,
vedic,reykjavik_summer,Mars,arcsec,74.3548479,74.35485847679413,0.038076458901059596,36.0,PASS,
vedic,reykjavik_summer,Mars nakshatra,exact,6,6,0.0,0.0,PASS,
vedic,reykjavik_summer,Mars pada,exact,3,3,0.0,0.0,PASS,
vedic,reykjavik_summer,Mars navamsa,exact,aquarius,aquarius,0.0,0.0,PASS,
vedic,reykjavik_summer,Mercury,arcsec,82.0582662,82.05827680944489,0.03819400158704411,36.0,PASS,
vedic,reykjavik_summer,Mercury nakshatra,exact,7,7,0.0,0.0,PASS,
vedic,reykjavik_summer,Mercury pada,exact,1,1,0.0,0.0,PASS,
vedic,reykjavik_summer,Mercury navamsa,exact,aries,aries,0.0,0.0,PASS,
vedic,reykjavik_summer,Jupiter,arcsec,292.8774741,292.8774848148577,0.03857348790461401,36.0,PASS,
vedic,reykjavik_summer,Jupiter nakshatra,exact,22,22,0.0,0.0,PASS,
vedic,reykjavik_summer,Jupiter pada,exact,4,4,0.0,0.0,PASS,
vedic,reykjavik_summer,Jupiter navamsa,exact,cancer,cancer,0.0,0.0,PASS,
vedic,reykjavik_summer,Venus,arcsec,20.900623,20.900634216028507,0.04037770262783624,36.0,PASS,
vedic,reykjavik_summer,Venus nakshatra,exact,2,2,0.0,0.0,PASS,
vedic,reykjavik_summer,Venus pada,exact,3,3,0.0,0.0,PASS,
vedic,reykjavik_summer,Venus navamsa,exact,libra,libra,0.0,0.0,PASS,
vedic,reykjavik_summer,Saturn,arcsec,208.7307175,208.73072858003346,0.03988812045463419,36.0,PASS,
vedic,reykjavik_summer,Saturn nakshatra,exact,16,16,0.0,0.0,PASS,
vedic,reykjavik_summer,Saturn pada,exact,3,3,0.0,0.0,PASS,
vedic,reykjavik_summer,Saturn navamsa,exact,gemini,gemini,0.0,0.0,PASS,
vedic,reykjavik_summer,Lagna,arcsec,143.5368842,143.5367357671188,0.53435837228335,36.0,PASS,
vedic,reykjavik_summer,Lagna nakshatra,exact,11,11,0.0,0.0,PASS,
vedic,reykjavik_summer,Lagna pada,exact,4,4,0.0,0.0,PASS,
vedic,reykjavik_summer,Lagna navamsa,exact,scorpio,scorpio,0.0,0.0,PASS,
vedic,reykjavik_summer,dasha lord,exact,Saturn,Saturn,0.0,0.0,PASS,
vedic,reykjavik_summer,dasha balance,days,2388.304,2388,0.3040000000000873,1.0,PASS,
vedic,ushuaia_winter,ayanamsa,arcsec,23.6582944,23.658296892605353,0.00897337927483477,3.0,PASS,
vedic,ushuaia_winter,Sun,arcsec,245.9120065,245.91201725639482,0.038723021384612366,36.0,PASS,
vedic,ushuaia_winter,Sun nakshatra,exact,19,19,0.0,0.0,PASS,
vedic,ushuaia_winter,Sun pada,exact,2,2,0.0,0.0,PASS,
vedic,ushuaia_winter,Sun navamsa,exact,taurus,taurus,0.0,0.0,PASS,
vedic,ushuaia_winter,Moon,arcsec,2.5617617,2.561772638502834,0.03937861020304467,72.0,PASS,
vedic,ushuaia_winter,Moon nakshatra,exact,1,1,0.0,0.0,PASS,
vedic,ushuaia_winter,Moon pada,exact,1,1,0.0,0.0,PASS,
vedic,ushuaia_winter,Moon navamsa,exact,aries,aries,0.0,0.0,PASS,
vedic,ushuaia_winter,Mars,arcsec,190.4753762,190.4753871200226,0.03931208132144093,36.0,PASS,
vedic,ushuaia_winter,Mars nakshatra,exact,15,15,0.0,0.0,PASS,
vedic,ushuaia_winter,Mars pada,exact,2,2,0.0,0.0,PASS,
vedic,ushuaia_winter,Mars navamsa,exact,capricorn,capricorn,0.0,0.0,PASS,
vedic,ushuaia_winter,Mercury,arcsec,225.0354468,225.03545782113628,0.039676090636930894,36.0,PASS,
vedic,ushuaia_winter,Mercury nakshatra,exact,17,17,0.0,0.0,PASS,
vedic,ushuaia_winter,Mercury pada,exact,4,4,0.0,0.0,PASS,
vedic,ushuaia_winter,Mercury navamsa,exact,scorpio,scorpio,0.0,0.0,PASS,
vedic,ushuaia_winter,Jupiter,arcsec,292.4260573,292.42606805447065,0.03871609424095368,36.0,PASS,
vedic,ushuaia_winter,Jupiter nakshatra,exact,22,22,0.0,0.0,PASS,
vedic,ushuaia_winter,Jupiter pada,exact,4,4,0.0,0.0,PASS,
vedic,ushuaia_winter,Jupiter navamsa,exact,cancer,cancer,0.0,0.0,PASS,
vedic,ushuaia_winter,Venus,arcsec,238.9339791,238.93398979896793,0.03851628458733103,36.0,PASS,
vedic,ushuaia_winter,Venus nakshatra,exact,18,18,0.0,0.0,PASS,
vedic,ushuaia_winter,Venus pada,exact,4,4,0.0,0.0,PASS,
vedic,ushuaia_winter,Venus navamsa,exact,pisces,pisces,0.0,0.0,PASS,
vedic,ushuaia_winter,Saturn,arcsec,220.3662418,220.36625285150765,0.03978542750928682,36.0,PASS,
vedic,ushuaia_winter,Saturn nakshatra,exact,17,17,0.0,0.0,PASS,
vedic,ushuaia_winter,Saturn pada,exact,3,3,0.0,0.0,PASS,
vedic,ushuaia_winter,Saturn navamsa,exact,libra,libra,0.0,0.0,PASS,
vedic,ushuaia_winter,Lagna,arcsec,290.5315592,290.5315288918159,0.1091094626872291,36.0,PASS,
vedic,ushuaia_winter,Lagna nakshatra,exact,22,22,0.0,0.0,PASS,
vedic,ushuaia_winter,Lagna pada,exact,4,4,0.0,0.0,PASS,
vedic,ushuaia_winter,Lagna navamsa,exact,cancer,cancer,0.0,0.0,PASS,
vedic,ushuaia_winter,dasha lord,exact,Ketu,Ketu,0.0,0.0,PASS,
vedic,ushuaia_winter,dasha balance,days,2065.516,2066,0.4839999999999236,1.0,PASS,
vedic,quito_equinox,ayanamsa,arcsec,23.7996187,23.79962103157941,0.008393685874352741,3.0,PASS,
vedic,quito_equinox,Sun,arcsec,156.3955154,156.39552635645026,0.039443220964585635,36.0,PASS,
vedic,quito_equinox,Sun nakshatra,exact,12,12,0.0,0.0,PASS,
vedic,quito_equinox,Sun pada,exact,3,3,0.0,0.0,PASS,
vedic,quito_equinox,Sun navamsa,exact,aquarius,aquarius,0.0,0.0,PASS,
vedic,quito_equinox,Moon,arcsec,144.074737,144.074747659978,0.03837592075797147,72.0,PASS,
vedic,quito_equinox,Moon nakshatra,exact,11,11,0.0,0.0,PASS,
vedic,quito_equinox,Moon pada,exact,4,4,0.0,0.0,PASS,
vedic,quito_equinox,Moon navamsa,exact,scorpio,scorpio,0.0,0.0,PASS,
vedic,quito_equinox,Mars,arcsec,197.2184679,197.21847883642135,0.039371116849906684,36.0,PASS,
vedic,quito_equinox,Mars nakshatra,exact,15,15,0.0,0.0,PASS,
vedic,quito_equinox,Mars pada,exact,4,4,0.0,0.0,PASS,
vedic,quito_equinox,Mars navamsa,exact,pisces,pisces,0.0,0.0,PASS,
vedic,quito_equinox,Mercury,arcsec,176.2877935,176.28780373094577,0.0368314047932472,36.0,PASS,
vedic,quito_equinox,Mercury nakshatra,exact,14,14,0.0,0.0,PASS,
vedic,quito_equinox,Mercury pada,exact,1,1,0.0,0.0,PASS,
vedic,quito_equinox,Mercury navamsa,exact,leo,leo,0.0,0.0,PASS,
vedic,quito_equinox,Jupiter,arcsec,225.5876181,225.58762914287183,0.03975433864980005,36.0,PASS,
vedic,quito_equinox,Jupiter nakshatra,exact,17,17,0.0,0.0,PASS,
vedic,quito_equinox,Jupiter pada,exact,4,4,0.0,0.0,PASS,
vedic,quito_equinox,Jupiter navamsa,exact,scorpio,scorpio,0.0,0.0,PASS,
vedic,quito_equinox,Venus,arcsec,165.5252148,165.52522597261796,0.04022142470603285,36.0,PASS,
vedic,quito_equinox,Venus nakshatra,exact,13,13,0.0,0.0,PASS,
vedic,quito_equinox,Venus pada,exact,2,2,0.0,0.0,PASS,
vedic,quito_equinox,Venus navamsa,exact,taurus,taurus,0.0,0.0,PASS,
vedic,quito_equinox,Saturn,arcsec,326.8440816,326.8440929300597,0.040788214892018004,36.0,PASS,
vedic,quito_equinox,Saturn nakshatra,exact,25,25,0.0,0.0,PASS,
vedic,quito_equinox,Saturn pada,exact,3,3,0.0,0.0,PASS,
vedic,quito_equinox,Saturn navamsa,exact,gemini,gemini,0.0,0.0,PASS,
vedic,quito_equinox,Lagna,arcsec,244.9912131,244.99122431721872,0.040381987366799876,36.0,PASS,
vedic,quito_equinox,Lagna nakshatra,exact,19,19,0.0,0.0,PASS,
vedic,quito_equinox,Lagna pada,exact,2,2,0.0,0.0,PASS,
vedic,quito_equinox,Lagna navamsa,exact,taurus,taurus,0.0,0.0,PASS,
vedic,quito_equinox,dasha lord,exact,Venus,Venus,0.0,0.0,PASS,
vedic,quito_equinox,dasha balance,days,1420.053,1420,0.05300000000011096,1.0,PASS,
vedic,ny_dst_spring,ayanamsa,arcsec,23.9285622,23.928564437767733,0.008055963844810776,3.0,PASS,
vedic,ny_dst_spring,Sun,arcsec,349.7135004,349.7135112654975,0.039115791105359676,36.0,PASS,
vedic,ny_dst_spring,Sun nakshatra,exact,27,27,0.0,0.0,PASS,
vedic,ny_dst_spring,Sun pada,exact,1,1,0.0,0.0,PASS,
vedic,ny_dst_spring,Sun navamsa,exact,sagittarius,sagittarius,0.0,0.0,PASS,
vedic,ny_dst_spring,Moon,arcsec,276.6561072,276.65611766188897,0.037662800264115504,72.0,PASS,
vedic,ny_dst_spring,Moon nakshatra,exact,21,21,0.0,0.0,PASS,
vedic,ny_dst_spring,Moon pada,exact,3,3,0.0,0.0,PASS,
vedic,ny_dst_spring,Moon navamsa,exact,aquarius,aquarius,0.0,0.0,PASS,
vedic,ny_dst_spring,Mars,arcsec,285.8847002,285.884711117504,0.03930301450054685,36.0,PASS,
vedic,ny_dst_spring,Mars nakshatra,exact,22,22,0.0,0.0,PASS,
vedic,ny_dst_spring,Mars pada,exact,2,2,0.0,0.0,PASS,
vedic,ny_dst_spring,Mars navamsa,exact,taurus,taurus,0.0,0.0,PASS,
vedic,ny_dst_spring,Mercury,arcsec,341.3472902,341.34730082100515,0.038235618626458745,36.0,PASS,
vedic,ny_dst_spring,Mercury nakshatra,exact,26,26,0.0,0.0,PASS,
vedic,ny_dst_spring,Mercury pada,exact,3,3,0.0,0.0,PASS,
vedic,ny_dst_spring,Mercury navamsa,exact,libra,libra,0.0,0.0,PASS,
vedic,ny_dst_spring,Jupiter,arcsec,170.0850509,170.08506209251755,0.040293063170793175,36.0,PASS,
vedic,ny_dst_spring,Jupiter nakshatra,exact,13,13,0.0,0.0,PASS,
vedic,ny_dst_spring,Jupiter pada,exact,4,4,0.0,0.0,PASS,
vedic,ny_dst_spring,Jupiter navamsa,exact,cancer,cancer,0.0,0.0,PASS,
vedic,ny_dst_spring,Venus,arcsec,350.5211129,350.5211240025005,0.039969001932149695,36.0,PASS,
vedic,ny_dst_spring,Venus nakshatra,exact,27,27,0.0,0.0,PASS,
vedic,ny_dst_spring,Venus pada,exact,2,2,0.0,0.0,PASS,
vedic,ny_dst_spring,Venus navamsa,exact,capricorn,capricorn,0.0,0.0,PASS,
vedic,ny_dst_spring,Saturn,arcsec,86.6023966,86.60240746560753,0.03911618707661546,36.0,PASS,
vedic,ny_dst_spring,Saturn nakshatra,exact,7,7,0.0,0.0,PASS,
vedic,ny_dst_spring,Saturn pada,exact,2,2,0.0,0.0,PASS,
vedic,ny_dst_spring,Saturn navamsa,exact,taurus,taurus,0.0,0.0,PASS,
vedic,ny_dst_spring,Lagna,arcsec,275.6262518,275.62625049608164,0.004694106019087485,36.0,PASS,
vedic,ny_dst_spring,Lagna nakshatra,exact,21,21,0.0,0.0,PASS,
vedic,ny_dst_spring,Lagna pada,exact,3,3,0.0,0.0,PASS,
vedic,ny_dst_spring,Lagna navamsa,exact,aquarius,aquarius,0.0,0.0,PASS,
vedic,ny_dst_spring,dasha lord,exact,Sun,Sun,0.0,0.0,PASS,
vedic,ny_dst_spring,dasha balance,days,549.611,550,0.38900000000001,1.0,PASS,
vedic,ny_dst_fall,ayanamsa,arcsec,23.9371009,23.937103261650734,0.008501942637906268,3.0,PASS,
vedic,ny_dst_fall,Sun,arcsec,192.9553625,192.95537326068705,0.03873847336990366,36.0,PASS,
vedic,ny_dst_fall,Sun nakshatra,exact,15,15,0.0,0.0,PASS,
vedic,ny_dst_fall,Sun pada,exact,2,2,0.0,0.0,PASS,
vedic,ny_dst_fall,Sun navamsa,exact,capricorn,capricorn,0.0,0.0,PASS,
vedic,ny_dst_fall,Moon,arcsec,159.7808828,159.7808937780228,0.039520882080523734,72.0,PASS,
vedic,ny_dst_fall,Moon nakshatra,exact,12,12,0.0,0.0,PASS,
vedic,ny_dst_fall,Moon pada,exact,4,4,0.0,0.0,PASS,
vedic,ny_dst_fall,Moon navamsa,exact,pisces,pisces,0.0,0.0,PASS,
vedic,ny_dst_fall,Mars,arcsec,23.9331023,23.933113204626267,0.03925665455426497,36.0,PASS,
vedic,ny_dst_fall,Mars nakshatra,exact,2,2,0.0,0.0,PASS,
vedic,ny_dst_fall,Mars pada,exact,4,4,0.0,0.0,PASS,
vedic,ny_dst_fall,Mars navamsa,exact,scorpio,scorpio,0.0,0.0,PASS,
vedic,ny_dst_fall,Mercury,arcsec,215.8898674,215.88987771505447,0.037134196031729516,36.0,PASS,
vedic,ny_dst_fall,Mercury nakshatra,exact,17,17,0.0,0.0,PASS,
vedic,ny_dst_fall,Mercury pada,exact,1,1,0.0,0.0,PASS,
vedic,ny_dst_fall,Mercury navamsa,exact,leo,leo,0.0,0.0,PASS,
vedic,ny_dst_fall,Jupiter,arcsec,186.9572466,186.95725758488044,0.039545569609344966,36.0,PASS,
vedic,ny_dst_fall,Jupiter nakshatra,exact,15,15,0.0,0.0,PASS,
vedic,ny_dst_fall,Jupiter pada,exact,1,1,0.0,0.0,PASS,
vedic,ny_dst_fall,Jupiter navamsa,exact,sagittarius,sagittarius,0.0,0.0,PASS,
vedic,ny_dst_fall,Venus,arcsec,239.8898934,239.88990374362726,0.037237058108985366,36.0,PASS,
vedic,ny_dst_fall,Venus nakshatra,exact,18,18,0.0,0.0,PASS,
vedic,ny_dst_fall,Venus pada,exact,4,4,0.0,0.0,PASS,
vedic,ny_dst_fall,Venus navamsa,exact,pisces,pisces,0.0,0.0,PASS,
vedic,ny_dst_fall,Saturn,arcsec,106.8780787,106.87808946273564,0.038745848308963105,36.0,PASS,
vedic,ny_dst_fall,Saturn nakshatra,exact,9,9,0.0,0.0,PASS,
vedic,ny_dst_fall,Saturn pada,exact,1,1,0.0,0.0,PASS,
vedic,ny_dst_fall,Saturn navamsa,exact,sagittarius,sagittarius,0.0,0.0,PASS,
vedic,ny_dst_fall,Lagna,arcsec,122.2203539,122.22035209035836,0.0065147099235218775,36.0,PASS,
vedic,ny_dst_fall,Lagna nakshatra,exact,10,10,0.0,0.0,PASS,
vedic,ny_dst_fall,Lagna pada,exact,1,1,0.0,0.0,PASS,
vedic,ny_dst_fall,Lagna navamsa,exact,aries,aries,0.0,0.0,PASS,
vedic,ny_dst_fall,dasha lord,exact,Sun,Sun,0.0,0.0,PASS,
vedic,ny_dst_fall,dasha balance,days,36.015,36,0.015000000000000568,1.0,PASS,
vedic,tromso_midnight_sun,ayanamsa,arcsec,23.8594222,23.85942477807863,0.009281083063683582,3.0,PASS,
vedic,tromso_midnight_sun,Sun,arcsec,67.4206024,67.42061335127387,0.03942458591268405,36.0,PASS,
vedic,tromso_midnight_sun,Sun nakshatra,exact,6,6,0.0,0.0,PASS,
vedic,tromso_midnight_sun,Sun pada,exact,1,1,0.0,0.0,PASS,
vedic,tromso_midnight_sun,Sun navamsa,exact,sagittarius,sagittarius,0.0,0.0,PASS,
vedic,tromso_midnight_sun,Moon,arcsec,307.2193611,307.2193721500883,0.03978031784299674,72.0,PASS,
vedic,tromso_midnight_sun,Moon nakshatra,exact,24,24,0.0,0.0,PASS,
vedic,tromso_midnight_sun,Moon pada,exact,1,1,0.0,0.0,PASS,
vedic,tromso_midnight_sun,Moon navamsa,exact,sagittarius,sagittarius,0.0,0.0,PASS,
vedic,tromso_midnight_sun,Mars,arcsec,70.0881782,70.08818906525896,0.039114932246775425,36.0,PASS,
vedic,tromso_midnight_sun,Mars nakshatra,exact,6,6,0.0,0.0,PASS,
vedic,tromso_midnight_sun,Mars pada,exact,2,2,0.0,0.0,PASS,
vedic,tromso_midnight_sun,Mars navamsa,exact,capricorn,capricorn,0.0,0.0,PASS,
vedic,tromso_midnight_sun,Mercury,arcsec,86.0688381,86.06884903352717,0.03936069784344909,36.0,PASS,
vedic,tromso_midnight_sun,Mercury nakshatra,exact,7,7,0.0,0.0,PASS,
vedic,tromso_midnight_sun,Mercury pada,exact,2,2,0.0,0.0,PASS,
vedic,tromso_midnight_sun,Mercury navamsa,exact,taurus,taurus,0.0,0.0,PASS,
vedic,tromso_midnight_sun,Jupiter,arcsec,34.4578658,34.45787689070404,0.03992653455213713,36.0,PASS,
vedic,tromso_midnight_sun,Jupiter nakshatra,exact,3,3,0.0,0.0,PASS,
vedic,tromso_midnight_sun,Jupiter pada,exact,3,3,0.0,0.0,PASS,
vedic,tromso_midnight_sun,Jupiter navamsa,exact,aquarius,aquarius,0.0,0.0,PASS,
vedic,tromso_midnight_sun,Venus,arcsec,70.4279184,70.42792923045472,0.03898963701658431,36.0,PASS,
vedic,tromso_midnight_sun,Venus nakshatra,exact,6,6,0.0,0.0,PASS,
vedic,tromso_midnight_sun,Venus pada,exact,2,2,0.0,0.0,PASS,
vedic,tromso_midnight_sun,Venus navamsa,exact,capricorn,capricorn,0.0,0.0,PASS,
vedic,tromso_midnight_sun,Saturn,arcsec,31.8416823,31.841693618653235,0.040747151649611624,36.0,PASS,
vedic,tromso_midnight_sun,Saturn nakshatra,exact,3,3,0.0,0.0,PASS,
vedic,tromso_midnight_sun,Saturn pada,exact,2,2,0.0,0.0,PASS,
vedic,tromso_midnight_sun,Saturn navamsa,exact,capricorn,capricorn,0.0,0.0,PASS,
vedic,tromso_midnight_sun,dasha lord,exact,Rahu,Rahu,0.0,0.0,PASS,
vedic,tromso_midnight_sun,dasha balance,days,6301.973,6302,0.027000000000043656,1.0,PASS,
vedic,mumbai_2000,ayanamsa,arcsec,23.8538425,23.853844651020495,0.0077436737853986415,3.0,PASS,
vedic,mumbai_2000,Sun,arcsec,270.6583298,270.6583407232509,0.03932370323127543,36.0,PASS,
vedic,mumbai_2000,Sun nakshatra,exact,21,21,0.0,0.0,PASS,
vedic,mumbai_2000,Sun pada,exact,2,2,0.0,0.0,PASS,
vedic,mumbai_2000,Sun navamsa,exact,capricorn,capricorn,0.0,0.0,PASS,
vedic,mumbai_2000,Moon,arcsec,10.9758732,10.975885059843861,0.042695437898743194,72.0,PASS,
vedic,mumbai_2000,Moon nakshatra,exact,1,1,0.0,0.0,PASS,
vedic,mumbai_2000,Moon pada,exact,4,4,0.0,0.0,PASS,
vedic,mumbai_2000,Moon navamsa,exact,cancer,cancer,0.0,0.0,PASS,
vedic,mumbai_2000,Mars,arcsec,314.8655184,314.8655294501141,0.039780410747880524,36.0,PASS,
vedic,mumbai_2000,Mars nakshatra,exact,24,24,0.0,0.0,PASS,
vedic,mumbai_2000,Mars pada,exact,3,3,0.0,0.0,PASS,
vedic,mumbai_2000,Mars navamsa,exact,aquarius,aquarius,0.0,0.0,PASS,
vedic,mumbai_2000,Mercury,arcsec,270.2272029,270.2272138002374,0.039240854584932094,36.0,PASS,
vedic,mumbai_2000,Mercury nakshatra,exact,21,21,0.0,0.0,PASS,
vedic,mumbai_2000,Mercury pada,exact,2,2,0.0,0.0,PASS,
vedic,mumbai_2000,Mercury navamsa,exact,capricorn,capricorn,0.0,0.0,PASS,
vedic,mumbai_2000,Jupiter,arcsec,2.2803366,2.2803477412728625,0.04010858230500958,36.0,PASS,
vedic,mumbai_2000,Jupiter nakshatra,exact,1,1,0.0,0.0,PASS,
vedic,mumbai_2000,Jupiter pada,exact,1,1,0.0,0.0,PASS,
vedic,mumbai_2000,Jupiter navamsa,exact,aries,aries,0.0,0.0,PASS,
vedic,mumbai_2000,Venus,arcsec,234.5773537,234.57736489021875,0.040284787473865435,36.0,PASS,
vedic,mumbai_2000,Venus nakshatra,exact,18,18,0.0,0.0,PASS,
vedic,mumbai_2000,Venus pada,exact,3,3,0.0,0.0,PASS,
vedic,mumbai_2000,Venus navamsa,exact,aquarius,aquarius,0.0,0.0,PASS,
vedic,mumbai_2000,Saturn,arcsec,16.4440612,16.444072576287184,0.04095463386022402,36.0,PASS,
vedic,mumbai_2000,Saturn nakshatra,exact,2,2,0.0,0.0,PASS,
vedic,mumbai_2000,Saturn pada,exact,1,1,0.0,0.0,PASS,
vedic,mumbai_2000,Saturn navamsa,exact,leo,leo,0.0,0.0,PASS,
vedic,mumbai_2000,Lagna,arcsec,37.6889577,37.688949118130466,0.030894730332420295,36.0,PASS,
vedic,mumbai_2000,Lagna nakshatra,exact,3,3,0.0,0.0,PASS,
vedic,mumbai_2000,Lagna pada,exact,4,4,0.0,0.0,PASS,
vedic,mumbai_2000,Lagna navamsa,exact,pisces,pisces,0.0,0.0,PASS,
vedic,mumbai_2000,dasha lord,exact,Ketu,Ketu,0.0,0.0,PASS,
vedic,mumbai_2000,dasha balance,days,452.058,452,0.057999999999992724,1.0,PASS,
vedic,sydney_2010,ayanamsa,arcsec,24.0153467,24.01534931980157,0.009431285653249688,3.0,PASS,
vedic,sydney_2010,Sun,arcsec,249.097001,249.0970117078589,0.03854829205920396,36.0,PASS,
vedic,sydney_2010,Sun nakshatra,exact,19,19,0.0,0.0,PASS,
vedic,sydney_2010,Sun pada,exact,3,3,0.0,0.0,PASS,
vedic,sydney_2010,Sun navamsa,exact,gemini,gemini,0.0,0.0,PASS,
vedic,sydney_2010,Moon,arcsec,117.4863913,117.48640152150423,0.03679741526525504,72.0,PASS,
vedic,sydney_2010,Moon nakshatra,exact,9,9,0.0,0.0,PASS,
vedic,sydney_2010,Moon pada,exact,4,4,0.0,0.0,PASS,
vedic,sydney_2010,Moon navamsa,exact,pisces,pisces,0.0,0.0,PASS,
vedic,sydney_2010,Mars,arcsec,258.9886189,258.9886295807959,0.038450865122285904,36.0,PASS,
vedic,sydney_2010,Mars nakshatra,exact,20,20,0.0,0.0,PASS,
vedic,sydney_2010,Mars pada,exact,2,2,0.0,0.0,PASS,
vedic,sydney_2010,Mars navamsa,exact,virgo,virgo,0.0,0.0,PASS,
vedic,sydney_2010,Mercury,arcsec,237.9594851,237.95949616985675,0.039851484314112895,36.0,PASS,
vedic,sydney_2010,Mercury nakshatra,exact,18,18,0.0,0.0,PASS,
vedic,sydney_2010,Mercury pada,exact,4,4,0.0,0.0,PASS,
vedic,sydney_2010,Mercury navamsa,exact,pisces,pisces,0.0,0.0,PASS,
vedic,sydney_2010,Jupiter,arcsec,331.6665761,331.6665869843361,0.03918361003343307,36.0,PASS,
vedic,sydney_2010,Jupiter nakshatra,exact,25,25,0.0,0.0,PASS,
vedic,sydney_2010,Jupiter pada,exact,4,4,0.0,0.0,PASS,
vedic,sydney_2010,Jupiter navamsa,exact,cancer,cancer,0.0,0.0,PASS,
vedic,sydney_2010,Venus,arcsec,203.1005418,203.10055312301648,0.040762859327969636,36.0,PASS,
vedic,sydney_2010,Venus nakshatra,exact,16,16,0.0,0.0,PASS,
vedic,sydney_2010,Venus pada,exact,1,1,0.0,0.0,PASS,
vedic,sydney_2010,Venus navamsa,exact,aries,aries,0.0,0.0,PASS,
vedic,sydney_2010,Saturn,arcsec,172.2975158,172.29752697028584,0.040213028989910526,36.0,PASS,
vedic,sydney_2010,Saturn nakshatra,exact,13,13,0.0,0.0,PASS,
vedic,sydney_2010,Saturn pada,exact,4,4,0.0,0.0,PASS,
vedic,sydney_2010,Saturn navamsa,exact,cancer,cancer,0.0,0.0,PASS,
vedic,sydney_2010,Lagna,arcsec,327.2543345,327.25432770344486,0.024467598609589913,36.0,PASS,
vedic,sydney_2010,Lagna nakshatra,exact,25,25,0.0,0.0,PASS,
vedic,sydney_2010,Lagna pada,exact,3,3,0.0,0.0,PASS,
vedic,sydney_2010,Lagna navamsa,exact,gemini,gemini,0.0,0.0,PASS,
vedic,sydney_2010,dasha lord,exact,Mercury,Mercury,0.0,0.0,PASS,
vedic,sydney_2010,dasha balance,days,1170.572,1171,0.42800000000011096,1.0,PASS,
vedic,tokyo_1990,ayanamsa,arcsec,23.7250988,23.725101144138357,0.008438898079532464,3.0,PASS,
vedic,tokyo_1990,Sun,arcsec,14.5805119,14.580522764449938,0.03911201977970791,36.0,PASS,
vedic,tokyo_1990,Sun nakshatra,exact,2,2,0.0,0.0,PASS,
vedic,tokyo_1990,Sun pada,exact,1,1,0.0,0.0,PASS,
vedic,tokyo_1990,Sun navamsa,exact,leo,leo,0.0,0.0,PASS,
vedic,tokyo_1990,Moon,arcsec,66.4857213,66.4857315313908,0.03683300689090174,72.0,PASS,
vedic,tokyo_1990,Moon nakshatra,exact,5,5,0.0,0.0,PASS,
vedic,tokyo_1990,Moon pada,exact,4,4,0.0,0.0,PASS,
vedic,tokyo_1990,Moon navamsa,exact,scorpio,scorpio,0.0,0.0,PASS,
vedic,tokyo_1990,Mars,arcsec,312.2208253,312.2208363563409,0.039802827222956694,36.0,PASS,
vedic,tokyo_1990,Mars nakshatra,exact,24,24,0.0,0.0,PASS,
vedic,tokyo_1990,Mars pada,exact,2,2,0.0,0.0,PASS,
vedic,tokyo_1990,Mars navamsa,exact,capricorn,capricorn,0.0,0.0,PASS,
vedic,tokyo_1990,Mercury,arcsec,22.4485892,22.44859975938767,0.038013795605706946,36.0,PASS,
vedic,tokyo_1990,Mercury nakshatra,exact,2,2,0.0,0.0,PASS,
vedic,tokyo_1990,Mercury pada,exact,3,3,0.0,0.0,PASS,
vedic,tokyo_1990,Mercury navamsa,exact,libra,libra,0.0,0.0,PASS,
vedic,tokyo_1990,Jupiter,arcsec,72.8629496,72.86296044939306,0.03905781503021899,36.0,PASS,
vedic,tokyo_1990,Jupiter nakshatra,exact,6,6,0.0,0.0,PASS,
vedic,tokyo_1990,Jupiter pada,exact,2,2,0.0,0.0,PASS,
vedic,tokyo_1990,Jupiter navamsa,exact,capricorn,capricorn,0.0,0.0,PASS,
vedic,tokyo_1990,Venus,arcsec,330.387942,330.3879530484301,0.03977434839725902,36.0,PASS,
vedic,tokyo_1990,Venus nakshatra,exact,25,25,0.0,0.0,PASS,
vedic,tokyo_1990,Venus pada,exact,4,4,0.0,0.0,PASS,
vedic,tokyo_1990,Venus navamsa,exact,cancer,cancer,0.0,0.0,PASS,
vedic,tokyo_1990,Saturn,arcsec,271.5835207,271.5835316478586,0.03941229090287379,36.0,PASS,
vedic,tokyo_1990,Saturn nakshatra,exact,21,21,0.0,0.0,PASS,
vedic,tokyo_1990,Saturn pada,exact,2,2,0.0,0.0,PASS,
vedic,tokyo_1990,Saturn navamsa,exact,capricorn,capricorn,0.0,0.0,PASS,
vedic,tokyo_1990,Lagna,arcsec,34.7323117,34.7324244771635,0.4059977886043953,36.0,PASS,
vedic,tokyo_1990,Lagna nakshatra,exact,3,3,0.0,0.0,PASS,
vedic,tokyo_1990,Lagna pada,exact,3,3,0.0,0.0,PASS,
vedic,tokyo_1990,Lagna navamsa,exact,aquarius,aquarius,0.0,0.0,PASS,
vedic,tokyo_1990,dasha lord,exact,Mars,Mars,0.0,0.0,PASS,
vedic,tokyo_1990,dasha balance,days,34.697,35,0.30299999999999727,1.0,PASS,
vedic,boston_1900,ayanamsa,arcsec,22.4721249,22.47212724770128,0.008451724606572952,3.0,PASS,
vedic,boston_1900,Sun,arcsec,79.7409542,79.7410175916282,0.22820986147848998,36.0,PASS,
vedic,boston_1900,Sun nakshatra,exact,6,6,0.0,0.0,PASS,
vedic,boston_1900,Sun pada,exact,4,4,0.0,0.0,PASS,
vedic,boston_1900,Sun navamsa,exact,pisces,pisces,0.0,0.0,PASS,
vedic,boston_1900,Moon,arcsec,166.4444971,166.44455494320198,0.20823552709998694,72.0,PASS,
vedic,boston_1900,Moon nakshatra,exact,13,13,0.0,0.0,PASS,
vedic,boston_1900,Moon pada,exact,2,2,0.0,0.0,PASS,
vedic,boston_1900,Moon navamsa,exact,taurus,taurus,0.0,0.0,PASS,
vedic,boston_1900,Mars,arcsec,42.704926,42.70498953994867,0.2287438152109189,36.0,PASS,
vedic,boston_1900,Mars nakshatra,exact,4,4,0.0,0.0,PASS,
vedic,boston_1900,Mars pada,exact,1,1,0.0,0.0,PASS,
vedic,boston_1900,Mars navamsa,exact,aries,aries,0.0,0.0,PASS,
vedic,boston_1900,Mercury,arcsec,105.7738584,105.77392181708538,0.22830150738855082,36.0,PASS,
vedic,boston_1900,Mercury nakshatra,exact,8,8,0.0,0.0,PASS,
vedic,boston_1900,Mercury pada,exact,4,4,0.0,0.0,PASS,
vedic,boston_1900,Mercury navamsa,exact,scorpio,scorpio,0.0,0.0,PASS,
vedic,boston_1900,Jupiter,arcsec,219.4349799,219.4350438532736,0.23023178499670394,36.0,PASS,
vedic,boston_1900,Jupiter nakshatra,exact,17,17,0.0,0.0,PASS,
vedic,boston_1900,Jupiter pada,exact,2,2,0.0,0.0,PASS,
vedic,boston_1900,Jupiter navamsa,exact,virgo,virgo,0.0,0.0,PASS,
vedic,boston_1900,Venus,arcsec,85.6310258,85.63108997326133,0.23102374075847365,36.0,PASS,
vedic,boston_1900,Venus nakshatra,exact,7,7,0.0,0.0,PASS,
vedic,boston_1900,Venus pada,exact,2,2,0.0,0.0,PASS,
vedic,boston_1900,Venus navamsa,exact,taurus,taurus,0.0,0.0,PASS,
vedic,boston_1900,Saturn,arcsec,248.4737501,248.47381403555818,0.23016800947743832,36.0,PASS,
vedic,boston_1900,Saturn nakshatra,exact,19,19,0.0,0.0,PASS,
vedic,boston_1900,Saturn pada,exact,3,3,0.0,0.0,PASS,
vedic,boston_1900,Saturn navamsa,exact,gemini,gemini,0.0,0.0,PASS,
vedic,boston_1900,Lagna,arcsec,170.1592179,170.15924520203117,0.09828731226662057,36.0,PASS,
vedic,boston_1900,Lagna nakshatra,exact,13,13,0.0,0.0,PASS,
vedic,boston_1900,Lagna pada,exact,4,4,0.0,0.0,PASS,
vedic,boston_1900,Lagna navamsa,exact,cancer,cancer,0.0,0.0,PASS,
vedic,boston_1900,dasha lord,exact,Moon,Moon,0.0,0.0,PASS,
vedic,boston_1900,dasha balance,days,1887.111,1887,0.11100000000010368,1.0,PASS,
vedic,greenwich_y2k,ayanamsa,arcsec,23.8532008,23.85320345085439,0.00954307580798286,3.0,PASS,
vedic,greenwich_y2k,Sun,arcsec,256.0060041,256.0060150104584,0.0392776502394554,36.0,PASS,
vedic,greenwich_y2k,Sun nakshatra,exact,20,20,0.0,0.0,PASS,
vedic,greenwich_y2k,Sun pada,exact,1,1,0.0,0.0,PASS,
vedic,greenwich_y2k,Sun navamsa,exact,leo,leo,0.0,0.0,PASS,
vedic,greenwich_y2k,Moon,arcsec,193.4401201,193.44013197046144,0.04273366116649413,72.0,PASS,
vedic,greenwich_y2k,Moon nakshatra,exact,15,15,0.0,0.0,PASS,
vedic,greenwich_y2k,Moon pada,exact,3,3,0.0,0.0,PASS,
vedic,greenwich_y2k,Moon navamsa,exact,aquarius,aquarius,0.0,0.0,PASS,
vedic,greenwich_y2k,Mars,arcsec,303.7222584,303.7222693289866,0.03934435185328766,36.0,PASS,
vedic,greenwich_y2k,Mars nakshatra,exact,23,23,0.0,0.0,PASS,
vedic,greenwich_y2k,Mars pada,exact,4,4,0.0,0.0,PASS,
vedic,greenwich_y2k,Mars navamsa,exact,scorpio,scorpio,0.0,0.0,PASS,
vedic,greenwich_y2k,Mercury,arcsec,247.2585986,247.2586094076301,0.03890746837669212,36.0,PASS,
vedic,greenwich_y2k,Mercury nakshatra,exact,19,19,0.0,0.0,PASS,
vedic,greenwich_y2k,Mercury pada,exact,3,3,0.0,0.0,PASS,
vedic,greenwich_y2k,Mercury navamsa,exact,gemini,gemini,0.0,0.0,PASS,
vedic,greenwich_y2k,Jupiter,arcsec,1.3799149,1.3799259837250588,0.039901410211928834,36.0,PASS,
vedic,greenwich_y2k,Jupiter nakshatra,exact,1,1,0.0,0.0,PASS,
vedic,greenwich_y2k,Jupiter pada,exact,1,1,0.0,0.0,PASS,
vedic,greenwich_y2k,Jupiter navamsa,exact,aries,aries,0.0,0.0,PASS,
vedic,greenwich_y2k,Venus,arcsec,217.1082009,217.10821209365082,0.0402971429025456,36.0,PASS,
vedic,greenwich_y2k,Venus nakshatra,exact,17,17,0.0,0.0,PASS,
vedic,greenwich_y2k,Venus pada,exact,2,2,0.0,0.0,PASS,
vedic,greenwich_y2k,Venus navamsa,exact,virgo,virgo,0.0,0.0,PASS,
vedic,greenwich_y2k,Saturn,arcsec,16.5526492,16.552660565085365,0.04091430730852608,36.0,PASS,
vedic,greenwich_y2k,Saturn nakshatra,exact,2,2,0.0,0.0,PASS,
vedic,greenwich_y2k,Saturn pada,exact,1,1,0.0,0.0,PASS,
vedic,greenwich_y2k,Saturn navamsa,exact,leo,leo,0.0,0.0,PASS,
vedic,greenwich_y2k,Lagna,arcsec,163.1773805,163.17729655890716,0.30218793422136514,36.0,PASS,
vedic,greenwich_y2k,Lagna nakshatra,exact,13,13,0.0,0.0,PASS,
vedic,greenwich_y2k,Lagna pada,exact,1,1,0.0,0.0,PASS,
vedic,greenwich_y2k,Lagna navamsa,exact,aries,aries,0.0,0.0,PASS,
vedic,greenwich_y2k,dasha lord,exact,Rahu,Rahu,0.0,0.0,PASS,
vedic,greenwich_y2k,dasha balance,days,3234.595,3235,0.4050000000002001,1.0,PASS,
vedic,samoa_skipped_day,ayanamsa,arcsec,24.0294016,24.02940410076205,0.009002743382779954,3.0,PASS,
vedic,samoa_skipped_day,Sun,arcsec,254.8671678,254.86717839541961,0.0381435105964556,36.0,PASS,
vedic,samoa_skipped_day,Sun nakshatra,exact,20,20,0.0,0.0,PASS,
vedic,samoa_skipped_day,Sun pada,exact,1,1,0.0,0.0,PASS,
vedic,samoa_skipped_day,Sun navamsa,exact,leo,leo,0.0,0.0,PASS,
vedic,samoa_skipped_day,Moon,arcsec,330.50896,330.5089695542133,0.034395167904222035,72.0,PASS,
vedic,samoa_skipped_day,Moon nakshatra,exact,25,25,0.0,0.0,PASS,
vedic,samoa_skipped_day,Moon pada,exact,4,4,0.0,0.0,PASS,
vedic,samoa_skipped_day,Moon navamsa,exact,cancer,cancer,0.0,0.0,PASS,
vedic,samoa_skipped_day,Mars,arcsec,145.8277804,145.82779134349687,0.03939658874969609,36.0,PASS,
vedic,samoa_skipped_day,Mars nakshatra,exact,11,11,0.0,0.0,PASS,
vedic,samoa_skipped_day,Mars pada,exact,4,4,0.0,0.0,PASS,
vedic,samoa_skipped_day,Mars navamsa,exact,scorpio,scorpio,0.0,0.0,PASS,
vedic,samoa_skipped_day,Mercury,arcsec,234.4236432,234.4236538816503,0.03845394111294809,36.0,PASS,
vedic,samoa_skipped_day,Mercury nakshatra,exact,18,18,0.0,0.0,PASS,
vedic,samoa_skipped_day,Mercury pada,exact,3,3,0.0,0.0,PASS,
vedic,samoa_skipped_day,Mercury navamsa,exact,aquarius,aquarius,0.0,0.0,PASS,
vedic,samoa_skipped_day,Jupiter,arcsec,6.379364,6.379374770760439,0.038774737580737906,36.0,PASS,
vedic,samoa_skipped_day,Jupiter nakshatra,exact,1,1,0.0,0.0,PASS,
vedic,samoa_skipped_day,Jupiter pada,exact,2,2,0.0,0.0,PASS,
vedic,samoa_skipped_day,Jupiter navamsa,exact,taurus,taurus,0.0,0.0,PASS,
vedic,samoa_skipped_day,Venus,arcsec,288.5144676,288.51447822936154,0.03826570159617404,36.0,PASS,
vedic,samoa_skipped_day,Venus nakshatra,exact,22,22,0.0,0.0,PASS,
vedic,samoa_skipped_day,Venus pada,exact,3,3,0.0,0.0,PASS,
vedic,samoa_skipped_day,Venus navamsa,exact,gemini,gemini,0.0,0.0,PASS,
vedic,samoa_skipped_day,Saturn,arcsec,184.1936889,184.19369990681952,0.0396245502201964,36.0,PASS,
vedic,samoa_skipped_day,Saturn nakshatra,exact,14,14,0.0,0.0,PASS,
vedic,samoa_skipped_day,Saturn pada,exact,4,4,0.0,0.0,PASS,
vedic,samoa_skipped_day,Saturn navamsa,exact,scorpio,scorpio,0.0,0.0,PASS,
vedic,samoa_skipped_day,Lagna,arcsec,338.2053456,338.2053396893903,0.021278194822116347,36.0,PASS,
vedic,samoa_skipped_day,Lagna nakshatra,exact,26,26,0.0,0.0,PASS,
vedic,samoa_skipped_day,Lagna pada,exact,2,2,0.0,0.0,PASS,
vedic,samoa_skipped_day,Lagna navamsa,exact,virgo,virgo,0.0,0.0,PASS,
vedic,samoa_skipped_day,dasha lord,exact,Jupiter,Jupiter,0.0,0.0,PASS,
vedic,samoa_skipped_day,dasha balance,days,1237.923,1238,0.07699999999999818,1.0,PASS,
vedic,anchorage_winter,ayanamsa,arcsec,23.658307,23.658309511694405,0.009042099856060304,3.0,PASS,
vedic,anchorage_winter,Sun,arcsec,246.2938426,246.29385323487222,0.038285539960725146,36.0,PASS,
vedic,anchorage_winter,Sun nakshatra,exact,19,19,0.0,0.0,PASS,
vedic,anchorage_winter,Sun pada,exact,2,2,0.0,0.0,PASS,
vedic,anchorage_winter,Sun navamsa,exact,taurus,taurus,0.0,0.0,PASS,
vedic,anchorage_winter,Moon,arcsec,6.9925959,6.992606748397137,0.03905422969019412,72.0,PASS,
vedic,anchorage_winter,Moon nakshatra,exact,1,1,0.0,0.0,PASS,
vedic,anchorage_winter,Moon pada,exact,3,3,0.0,0.0,PASS,
vedic,anchorage_winter,Moon navamsa,exact,gemini,gemini,0.0,0.0,PASS,
vedic,anchorage_winter,Mars,arcsec,190.7059404,190.7059513368867,0.0393727921050413,36.0,PASS,
vedic,anchorage_winter,Mars nakshatra,exact,15,15,0.0,0.0,PASS,
vedic,anchorage_winter,Mars pada,exact,2,2,0.0,0.0,PASS,
vedic,anchorage_winter,Mars navamsa,exact,capricorn,capricorn,0.0,0.0,PASS,
vedic,anchorage_winter,Mercury,arcsec,225.4955297,225.49554068108458,0.03953190450829425,36.0,PASS,
vedic,anchorage_winter,Mercury nakshatra,exact,17,17,0.0,0.0,PASS,
vedic,anchorage_winter,Mercury pada,exact,4,4,0.0,0.0,PASS,
vedic,anchorage_winter,Mercury navamsa,exact,scorpio,scorpio,0.0,0.0,PASS,
vedic,anchorage_winter,Jupiter,arcsec,292.5010263,292.5010370062367,0.03854245214824914,36.0,PASS,
vedic,anchorage_winter,Jupiter nakshatra,exact,22,22,0.0,0.0,PASS,
vedic,anchorage_winter,Jupiter pada,exact,4,4,0.0,0.0,PASS,
vedic,anchorage_winter,Jupiter navamsa,exact,cancer,cancer,0.0,0.0,PASS,
vedic,anchorage_winter,Venus,arcsec,239.405832,239.40584268456885,0.038464447857222694,36.0,PASS,
vedic,anchorage_winter,Venus nakshatra,exact,18,18,0.0,0.0,PASS,
vedic,anchorage_winter,Venus pada,exact,4,4,0.0,0.0,PASS,
vedic,anchorage_winter,Venus navamsa,exact,pisces,pisces,0.0,0.0,PASS,
vedic,anchorage_winter,Saturn,arcsec,220.4079409,220.40795183777587,0.03937599312848761,36.0,PASS,
vedic,anchorage_winter,Saturn nakshatra,exact,17,17,0.0,0.0,PASS,
vedic,anchorage_winter,Saturn pada,exact,3,3,0.0,0.0,PASS,
vedic,anchorage_winter,Saturn navamsa,exact,libra,libra,0.0,0.0,PASS,
vedic,anchorage_winter,Lagna,arcsec,279.5023827,279.5027943502695,1.481940970143114,36.0,PASS,
vedic,anchorage_winter,Lagna nakshatra,exact,21,21,0.0,0.0,PASS,
vedic,anchorage_winter,Lagna pada,exact,4,4,0.0,0.0,PASS,
vedic,anchorage_winter,Lagna navamsa,exact,pisces,pisces,0.0,0.0,PASS,
vedic,anchorage_winter,dasha lord,exact,Ketu,Ketu,0.0,0.0,PASS,
vedic,anchorage_winter,dasha balance,days,1215.876,1216,0.12400000000002365,1.0,PASS,
vedic,sun-pada-edge,ayanamsa,arcsec,24.1367581,24.136760556600752,0.008843762701360447,3.0,PASS,
vedic,sun-pada-edge,Sun,arcsec,36.6690036,36.669014271035735,0.03841572863336751,36.0,PASS,
vedic,sun-pada-edge,Sun nakshatra,exact,3,3,0.0,0.0,PASS,
vedic,sun-pada-edge,Sun pada,exact,4,4,0.0,0.0,PASS,
vedic,sun-pada-edge,Sun navamsa,exact,pisces,pisces,0.0,0.0,PASS,
vedic,sun-pada-edge,Moon,arcsec,21.7845486,21.784559467477113,0.039122917603151564,72.0,PASS,
vedic,sun-pada-edge,Moon nakshatra,exact,2,2,0.0,0.0,PASS,
vedic,sun-pada-edge,Moon pada,exact,3,3,0.0,0.0,PASS,
vedic,sun-pada-edge,Moon navamsa,exact,libra,libra,0.0,0.0,PASS,
vedic,sun-pada-edge,Mars,arcsec,311.4649263,311.4649371863666,0.039190919846987526,36.0,PASS,
vedic,sun-pada-edge,Mars nakshatra,exact,24,24,0.0,0.0,PASS,
vedic,sun-pada-edge,Mars pada,exact,2,2,0.0,0.0,PASS,
vedic,sun-pada-edge,Mars navamsa,exact,capricorn,capricorn,0.0,0.0,PASS,
vedic,sun-pada-edge,Mercury,arcsec,54.4238398,54.423850133328315,0.03719998192366347,36.0,PASS,
vedic,sun-pada-edge,Mercury nakshatra,exact,5,5,0.0,0.0,PASS,
vedic,sun-pada-edge,Mercury pada,exact,1,1,0.0,0.0,PASS,
vedic,sun-pada-edge,Mercury navamsa,exact,leo,leo,0.0,0.0,PASS,
vedic,sun-pada-edge,Jupiter,arcsec,273.0299038,273.0299144440643,0.038318631391121016,36.0,PASS,
vedic,sun-pada-edge,Jupiter nakshatra,exact,21,21,0.0,0.0,PASS,
vedic,sun-pada-edge,Jupiter pada,exact,2,2,0.0,0.0,PASS,
vedic,sun-pada-edge,Jupiter navamsa,exact,capricorn,capricorn,0.0,0.0,PASS,
vedic,sun-pada-edge,Venus,arcsec,56.3836674,56.383677623456535,0.03680444352482937,36.0,PASS,
vedic,sun-pada-edge,Venus nakshatra,exact,5,5,0.0,0.0,PASS,
vedic,sun-pada-edge,Venus pada,exact,1,1,0.0,0.0,PASS,
vedic,sun-pada-edge,Venus navamsa,exact,leo,leo,0.0,0.0,PASS,
vedic,sun-pada-edge,Saturn,arcsec,277.7348473,277.73485793399493,0.03828238170626719,36.0,PASS,
vedic,sun-pada-edge,Saturn nakshatra,exact,21,21,0.0,0.0,PASS,
vedic,sun-pada-edge,Saturn pada,exact,4,4,0.0,0.0,PASS,
vedic,sun-pada-edge,Saturn navamsa,exact,pisces,pisces,0.0,0.0,PASS,
vedic,sun-pada-edge,Lagna,arcsec,168.7482847,168.74827265661077,0.04335620124038542,36.0,PASS,
vedic,sun-pada-edge,Lagna nakshatra,exact,13,13,0.0,0.0,PASS,
vedic,sun-pada-edge,Lagna pada,exact,3,3,0.0,0.0,PASS,
vedic,sun-pada-edge,Lagna navamsa,exact,gemini,gemini,0.0,0.0,PASS,
vedic,sun-pada-edge,dasha lord,exact,Venus,Venus,0.0,0.0,PASS,
vedic,sun-pada-edge,dasha balance,days,2674.79,2675,0.21000000000003638,1.0,PASS,
vedic,moon-nakshatra-edge,ayanamsa,arcsec,23.8779305,23.877932772333036,0.008180398924650945,3.0,PASS,
vedic,moon-nakshatra-edge,Sun,arcsec,204.7035222,204.70353320637216,0.03962293973245323,36.0,PASS,
vedic,moon-nakshatra-edge,Sun nakshatra,exact,16,16,0.0,0.0,PASS,
vedic,moon-nakshatra-edge,Sun pada,exact,2,2,0.0,0.0,PASS,
vedic,moon-nakshatra-edge,Sun navamsa,exact,taurus,taurus,0.0,0.0,PASS,
vedic,moon-nakshatra-edge,Moon,arcsec,146.6685066,146.66851847321772,0.04274358377642784,72.0,PASS,
vedic,moon-nakshatra-edge,Moon nakshatra,exact,12,12,0.0,0.0,PASS,
vedic,moon-nakshatra-edge,Moon pada,exact,1,1,0.0,0.0,PASS,
vedic,moon-nakshatra-edge,Moon navamsa,exact,sagittarius,sagittarius,0.0,0.0,PASS,
vedic,moon-nakshatra-edge,Mars,arcsec,285.9964864,285.9964974921025,0.039931569040163595,36.0,PASS,
vedic,moon-nakshatra-edge,Mars nakshatra,exact,22,22,0.0,0.0,PASS,
vedic,moon-nakshatra-edge,Mars pada,exact,2,2,0.0,0.0,PASS,
vedic,moon-nakshatra-edge,Mars navamsa,exact,taurus,taurus,0.0,0.0,PASS,
vedic,moon-nakshatra-edge,Mercury,arcsec,190.9211863,190.92119767997585,0.04096791309393666,36.0,PASS,
vedic,moon-nakshatra-edge,Mercury nakshatra,exact,15,15,0.0,0.0,PASS,
vedic,moon-nakshatra-edge,Mercury pada,exact,2,2,0.0,0.0,PASS,
vedic,moon-nakshatra-edge,Mercury navamsa,exact,capricorn,capricorn,0.0,0.0,PASS,
vedic,moon-nakshatra-edge,Jupiter,arcsec,81.6992882,81.69929923605332,0.039729791961917726,36.0,PASS,
vedic,moon-nakshatra-edge,Jupiter nakshatra,exact,7,7,0.0,0.0,PASS,
vedic,moon-nakshatra-edge,Jupiter pada,exact,1,1,0.0,0.0,PASS,
vedic,moon-nakshatra-edge,Jupiter navamsa,exact,aries,aries,0.0,0.0,PASS,
vedic,moon-nakshatra-edge,Venus,arcsec,189.081358,189.08136925949808,0.04053419309002493,36.0,PASS,
vedic,moon-nakshatra-edge,Venus nakshatra,exact,15,15,0.0,0.0,PASS,
vedic,moon-nakshatra-edge,Venus pada,exact,1,1,0.0,0.0,PASS,
vedic,moon-nakshatra-edge,Venus navamsa,exact,sagittarius,sagittarius,0.0,0.0,PASS,
vedic,moon-nakshatra-edge,Saturn,arcsec,49.3737913,49.373802587209425,0.04063395392961411,36.0,PASS,
vedic,moon-nakshatra-edge,Saturn nakshatra,exact,4,4,0.0,0.0,PASS,
vedic,moon-nakshatra-edge,Saturn pada,exact,3,3,0.0,0.0,PASS,
vedic,moon-nakshatra-edge,Saturn navamsa,exact,gemini,gemini,0.0,0.0,PASS,
vedic,moon-nakshatra-edge,Lagna,arcsec,164.0847386,164.08475259236448,0.05037251210069371,36.0,PASS,
vedic,moon-nakshatra-edge,Lagna nakshatra,exact,13,13,0.0,0.0,PASS,
vedic,moon-nakshatra-edge,Lagna pada,exact,2,2,0.0,0.0,PASS,
vedic,moon-nakshatra-edge,Lagna navamsa,exact,taurus,taurus,0.0,0.0,PASS,
vedic,moon-nakshatra-edge,dasha lord,exact,Sun,Sun,0.0,0.0,PASS,
vedic,moon-nakshatra-edge,dasha balance,days,2191.198,2191,0.1979999999998654,1.0,PASS,
vedic,pac-2026-01-01,ayanamsa,arcsec,24.221829,24.2218315713253,0.009256771080856652,3.0,PASS,
vedic,pac-2026-01-01,Sun,arcsec,256.3459323,256.3459449972453,0.045710082963523746,36.0,PASS,
vedic,pac-2026-01-01,Sun nakshatra,exact,20,20,0.0,0.0,PASS,
vedic,pac-2026-01-01,Sun pada,exact,1,1,0.0,0.0,PASS,
vedic,pac-2026-01-01,Sun navamsa,exact,leo,leo,0.0,0.0,PASS,
vedic,pac-2026-01-01,Moon,arcsec,42.4818061,42.48184733074285,0.14843067426681955,72.0,PASS,
vedic,pac-2026-01-01,Moon nakshatra,exact,4,4,0.0,0.0,PASS,
vedic,pac-2026-01-01,Moon pada,exact,1,1,0.0,0.0,PASS,
vedic,pac-2026-01-01,Moon navamsa,exact,aries,aries,0.0,0.0,PASS,
vedic,pac-2026-01-01,Mars,arcsec,258.4657048,258.4657169192276,0.04362921922620444,36.0,PASS,
vedic,pac-2026-01-01,Mars nakshatra,exact,20,20,0.0,0.0,PASS,
vedic,pac-2026-01-01,Mars pada,exact,2,2,0.0,0.0,PASS,
vedic,pac-2026-01-01,Mars navamsa,exact,virgo,virgo,0.0,0.0,PASS,
vedic,pac-2026-01-01,Mercury,arcsec,244.4285608,244.42857446648884,0.04919935977341083,36.0,PASS,
vedic,pac-2026-01-01,Mercury nakshatra,exact,19,19,0.0,0.0,PASS,
vedic,pac-2026-01-01,Mercury pada,exact,2,2,0.0,0.0,PASS,
vedic,pac-2026-01-01,Mercury navamsa,exact,taurus,taurus,0.0,0.0,PASS,
vedic,pac-2026-01-01,Jupiter,arcsec,87.1358551,87.13586533683954,0.03685262235535447,36.0,PASS,
vedic,pac-2026-01-01,Jupiter nakshatra,exact,7,7,0.0,0.0,PASS,
vedic,pac-2026-01-01,Jupiter pada,exact,3,3,0.0,0.0,PASS,
vedic,pac-2026-01-01,Jupiter navamsa,exact,gemini,gemini,0.0,0.0,PASS,
vedic,pac-2026-01-01,Venus,arcsec,254.9836368,254.9836499791781,0.047445041150240286,36.0,PASS,
vedic,pac-2026-01-01,Venus nakshatra,exact,20,20,0.0,0.0,PASS,
vedic,pac-2026-01-01,Venus pada,exact,1,1,0.0,0.0,PASS,
vedic,pac-2026-01-01,Venus navamsa,exact,leo,leo,0.0,0.0,PASS,
vedic,pac-2026-01-01,Saturn,arcsec,331.9453527,331.94536369882735,0.039595778457623965,36.0,PASS,
vedic,pac-2026-01-01,Saturn nakshatra,exact,25,25,0.0,0.0,PASS,
vedic,pac-2026-01-01,Saturn pada,exact,4,4,0.0,0.0,PASS,
vedic,pac-2026-01-01,Saturn navamsa,exact,cancer,cancer,0.0,0.0,PASS,
vedic,pac-2026-01-01,dasha lord,exact,Moon,Moon,0.0,0.0,PASS,
vedic,pac-2026-01-01,dasha balance,days,2972.64,2973,0.36000000000012733,1.0,PASS,
vedic,pac-2026-04-15,ayanamsa,arcsec,24.2259108,24.225913169954772,0.008531837175951296,3.0,PASS,
vedic,pac-2026-04-15,Sun,arcsec,0.8139768,0.8139894153695728,0.04541533046231727,36.0,PASS,
vedic,pac-2026-04-15,Sun nakshatra,exact,1,1,0.0,0.0,PASS,
vedic,pac-2026-04-15,Sun pada,exact,1,1,0.0,0.0,PASS,
vedic,pac-2026-04-15,Sun navamsa,exact,aries,aries,0.0,0.0,PASS,
vedic,pac-2026-04-15,Moon,arcsec,327.6120334,327.61207239679726,0.14038847023130074,72.0,PASS,
vedic,pac-2026-04-15,Moon nakshatra,exact,25,25,0.0,0.0,PASS,
vedic,pac-2026-04-15,Moon pada,exact,3,3,0.0,0.0,PASS,
vedic,pac-2026-04-15,Moon navamsa,exact,gemini,gemini,0.0,0.0,PASS,
vedic,pac-2026-04-15,Mars,arcsec,339.8037066,339.80371893251976,0.04439707113306213,36.0,PASS,
vedic,pac-2026-04-15,Mars nakshatra,exact,26,26,0.0,0.0,PASS,
vedic,pac-2026-04-15,Mars pada,exact,2,2,0.0,0.0,PASS,
vedic,pac-2026-04-15,Mars navamsa,exact,virgo,virgo,0.0,0.0,PASS,
vedic,pac-2026-04-15,Mercury,arcsec,335.5764586,335.57647251355854,0.05008881066714821,36.0,PASS,
vedic,pac-2026-04-15,Mercury nakshatra,exact,26,26,0.0,0.0,PASS,
vedic,pac-2026-04-15,Mercury pada,exact,1,1,0.0,0.0,PASS,
vedic,pac-2026-04-15,Mercury navamsa,exact,leo,leo,0.0,0.0,PASS,
vedic,pac-2026-04-15,Jupiter,arcsec,82.7380914,82.73810207187233,0.03841874039380855,36.0,PASS,
vedic,pac-2026-04-15,Jupiter nakshatra,exact,7,7,0.0,0.0,PASS,
vedic,pac-2026-04-15,Jupiter pada,exact,1,1,0.0,0.0,PASS,
vedic,pac-2026-04-15,Jupiter navamsa,exact,aries,aries,0.0,0.0,PASS,
vedic,pac-2026-04-15,Venus,arcsec,24.5912143,24.591227317423353,0.04686272406928538,36.0,PASS,
vedic,pac-2026-04-15,Venus nakshatra,exact,2,2,0.0,0.0,PASS,
vedic,pac-2026-04-15,Venus pada,exact,4,4,0.0,0.0,PASS,
vedic,pac-2026-04-15,Venus navamsa,exact,scorpio,scorpio,0.0,0.0,PASS,
vedic,pac-2026-04-15,Saturn,arcsec,343.0440374,343.04404856647835,0.040199322143052996,36.0,PASS,
vedic,pac-2026-04-15,Saturn nakshatra,exact,26,26,0.0,0.0,PASS,
vedic,pac-2026-04-15,Saturn pada,exact,3,3,0.0,0.0,PASS,
vedic,pac-2026-04-15,Saturn navamsa,exact,libra,libra,0.0,0.0,PASS,
vedic,pac-2026-04-15,dasha lord,exact,Jupiter,Jupiter,0.0,0.0,PASS,
vedic,pac-2026-04-15,dasha balance,days,2507.646,2508,0.35399999999981446,1.0,PASS,
vedic,pac-2026-07-01,ayanamsa,arcsec,24.2295534,24.229555894715183,0.0089809746583569,3.0,PASS,
vedic,pac-2026-07-01,Sun,arcsec,74.9725222,74.97253468101053,0.04493163790471044,36.0,PASS,
vedic,pac-2026-07-01,Sun nakshatra,exact,6,6,0.0,0.0,PASS,
vedic,pac-2026-07-01,Sun pada,exact,3,3,0.0,0.0,PASS,
vedic,pac-2026-07-01,Sun navamsa,exact,aquarius,aquarius,0.0,0.0,PASS,
vedic,pac-2026-07-01,Moon,arcsec,265.978336,265.9783715197966,0.12787126775037905,72.0,PASS,
vedic,pac-2026-07-01,Moon nakshatra,exact,20,20,0.0,0.0,PASS,
vedic,pac-2026-07-01,Moon pada,exact,4,4,0.0,0.0,PASS,
vedic,pac-2026-07-01,Moon navamsa,exact,scorpio,scorpio,0.0,0.0,PASS,
vedic,pac-2026-07-01,Mars,arcsec,37.328395,37.32840697533511,0.043111206406365454,36.0,PASS,
vedic,pac-2026-07-01,Mars nakshatra,exact,3,3,0.0,0.0,PASS,
vedic,pac-2026-07-01,Mars pada,exact,4,4,0.0,0.0,PASS,
vedic,pac-2026-07-01,Mars navamsa,exact,pisces,pisces,0.0,0.0,PASS,
vedic,pac-2026-07-01,Mercury,arcsec,91.9663161,91.96632635288171,0.0369103741491017,36.0,PASS,
vedic,pac-2026-07-01,Mercury nakshatra,exact,7,7,0.0,0.0,PASS,
vedic,pac-2026-07-01,Mercury pada,exact,4,4,0.0,0.0,PASS,
vedic,pac-2026-07-01,Mercury navamsa,exact,cancer,cancer,0.0,0.0,PASS,
vedic,pac-2026-07-01,Jupiter,arcsec,95.9318915,95.93190241180517,0.03928249858518029,36.0,PASS,
vedic,pac-2026-07-01,Jupiter nakshatra,exact,8,8,0.0,0.0,PASS,
vedic,pac-2026-07-01,Jupiter pada,exact,1,1,0.0,0.0,PASS,
vedic,pac-2026-07-01,Jupiter navamsa,exact,leo,leo,0.0,0.0,PASS,
vedic,pac-2026-07-01,Venus,arcsec,115.9625792,115.96259214518034,0.046602649240412575,36.0,PASS,
vedic,pac-2026-07-01,Venus nakshatra,exact,9,9,0.0,0.0,PASS,
vedic,pac-2026-07-01,Venus pada,exact,3,3,0.0,0.0,PASS,
vedic,pac-2026-07-01,Venus navamsa,exact,aquarius,aquarius,0.0,0.0,PASS,
vedic,pac-2026-07-01,Saturn,arcsec,349.9571452,349.95715613499794,0.03936599255212059,36.0,PASS,
vedic,pac-2026-07-01,Saturn nakshatra,exact,27,27,0.0,0.0,PASS,
vedic,pac-2026-07-01,Saturn pada,exact,1,1,0.0,0.0,PASS,
vedic,pac-2026-07-01,Saturn navamsa,exact,sagittarius,sagittarius,0.0,0.0,PASS,
vedic,pac-2026-07-01,dasha lord,exact,Venus,Venus,0.0,0.0,PASS,
vedic,pac-2026-07-01,dasha balance,days,377.119,377,0.1190000000000282,1.0,PASS,
panchang,mumbai-noon,tithi,exact,20,20,0.0,0.0,PASS,
panchang,mumbai-noon,yoga,exact,13,13,0.0,0.0,PASS,
panchang,mumbai-noon,karana,exact,4,4,0.0,0.0,PASS,
panchang,mumbai-noon,vara,exact,Sunday,Sunday,0.0,0.0,PASS,
panchang,mumbai-noon,sunrise,seconds,2026-03-08T06:53:00+05:30,2026-03-08T06:53:00+05:30,0.0,90.0,PASS,
panchang,new-york-evening,tithi,exact,23,23,0.0,0.0,PASS,
panchang,new-york-evening,yoga,exact,23,23,0.0,0.0,PASS,
panchang,new-york-evening,karana,exact,3,3,0.0,0.0,PASS,
panchang,new-york-evening,vara,exact,Sunday,Sunday,0.0,0.0,PASS,
panchang,new-york-evening,sunrise,seconds,2026-11-01T06:26:00-05:00,2026-11-01T06:26:00-05:00,0.0,90.0,PASS,
panchang,sydney-morning,tithi,exact,27,27,0.0,0.0,PASS,
panchang,sydney-morning,yoga,exact,11,11,0.0,0.0,PASS,
panchang,sydney-morning,karana,exact,3,3,0.0,0.0,PASS,
panchang,sydney-morning,vara,exact,Thursday,Thursday,0.0,0.0,PASS,
panchang,sydney-morning,sunrise,seconds,2026-01-15T05:59:00+11:00,2026-01-15T05:59:00+11:00,0.0,90.0,PASS,
panchang,honolulu-night,tithi,exact,20,20,0.0,0.0,PASS,
panchang,honolulu-night,yoga,exact,7,7,0.0,0.0,PASS,
panchang,honolulu-night,karana,exact,4,4,0.0,0.0,PASS,
panchang,honolulu-night,vara,exact,Sunday,Sunday,0.0,0.0,PASS,
panchang,honolulu-night,sunrise,seconds,2026-08-02T06:05:00-10:00,2026-08-02T06:05:00-10:00,0.0,90.0,PASS,
panchang,reykjavik-solstice,tithi,exact,8,8,0.0,0.0,PASS,
panchang,reykjavik-solstice,yoga,exact,17,17,0.0,0.0,PASS,
panchang,reykjavik-solstice,karana,exact,7,7,0.0,0.0,PASS,
panchang,reykjavik-solstice,vara,exact,Sunday,Sunday,0.0,0.0,PASS,
panchang,reykjavik-solstice,sunrise,seconds,2026-06-21T02:55:00+00:00,2026-06-21T02:55:00+00:00,0.0,90.0,PASS,
panchang,tromso-may,tithi,exact,26,26,0.0,0.0,PASS,
panchang,tromso-may,yoga,exact,27,27,0.0,0.0,PASS,
panchang,tromso-may,karana,exact,1,1,0.0,0.0,PASS,
panchang,tromso-may,vara,exact,Tuesday,Tuesday,0.0,0.0,PASS,
panchang,tromso-may,sunrise,seconds,2026-05-12T02:10:00+02:00,2026-05-12T02:10:00+02:00,0.0,90.0,PASS,
panchang,delhi-purnima,tithi,exact,15,15,0.0,0.0,PASS,
panchang,delhi-purnima,yoga,exact,15,15,0.0,0.0,PASS,
panchang,delhi-purnima,karana,exact,1,1,0.0,0.0,PASS,
panchang,delhi-purnima,vara,exact,Monday,Monday,0.0,0.0,PASS,
panchang,delhi-purnima,sunrise,seconds,2026-10-26T06:29:00+05:30,2026-10-26T06:29:00+05:30,0.0,90.0,PASS,
panchang,delhi-shakuni,tithi,exact,29,29,0.0,0.0,PASS,
panchang,delhi-shakuni,yoga,exact,3,3,0.0,0.0,PASS,
panchang,delhi-shakuni,karana,exact,8,8,0.0,0.0,PASS,
panchang,delhi-shakuni,vara,exact,Sunday,Sunday,0.0,0.0,PASS,
panchang,delhi-shakuni,sunrise,seconds,2026-11-08T06:38:00+05:30,2026-11-08T06:38:00+05:30,0.0,90.0,PASS,
panchang,delhi-amavasya,tithi,exact,30,30,0.0,0.0,PASS,
panchang,delhi-amavasya,yoga,exact,4,4,0.0,0.0,PASS,
panchang,delhi-amavasya,vara,exact,Monday,Monday,0.0,0.0,PASS,
panchang,delhi-amavasya,sunrise,seconds,2026-11-09T06:39:00+05:30,2026-11-09T06:39:00+05:30,0.0,90.0,PASS,
panchang,delhi-kimstughna,tithi,exact,1,1,0.0,0.0,PASS,
panchang,delhi-kimstughna,yoga,exact,4,4,0.0,0.0,PASS,
panchang,delhi-kimstughna,karana,exact,11,11,0.0,0.0,PASS,
panchang,delhi-kimstughna,vara,exact,Monday,Monday,0.0,0.0,PASS,
panchang,delhi-kimstughna,sunrise,seconds,2026-11-09T06:39:00+05:30,2026-11-09T06:39:00+05:30,0.0,90.0,PASS,
panchang,mumbai-tithi-edge,tithi,exact,4,4,0.0,0.0,PASS,
panchang,mumbai-tithi-edge,yoga,exact,22,22,0.0,0.0,PASS,
panchang,mumbai-tithi-edge,karana,exact,6,6,0.0,0.0,PASS,
panchang,mumbai-tithi-edge,vara,exact,Friday,Friday,0.0,0.0,PASS,
panchang,mumbai-tithi-edge,sunrise,seconds,2026-02-20T07:04:00+05:30,2026-02-20T07:04:00+05:30,0.0,90.0,PASS,
panchang,london-karana-edge,tithi,exact,18,18,0.0,0.0,PASS,
panchang,london-karana-edge,yoga,exact,18,18,0.0,0.0,PASS,
panchang,london-karana-edge,karana,exact,7,7,0.0,0.0,PASS,
panchang,london-karana-edge,vara,exact,Wednesday,Wednesday,0.0,0.0,PASS,
panchang,london-karana-edge,sunrise,seconds,2026-10-28T06:47:00+00:00,2026-10-28T06:47:00+00:00,0.0,90.0,PASS,
panchang,tokyo-yoga-edge,tithi,exact,21,21,0.0,0.0,PASS,
panchang,tokyo-yoga-edge,yoga,exact,21,21,0.0,0.0,PASS,
panchang,tokyo-yoga-edge,karana,exact,5,5,0.0,0.0,PASS,
panchang,tokyo-yoga-edge,vara,exact,Saturday,Saturday,0.0,0.0,PASS,
panchang,tokyo-yoga-edge,sunrise,seconds,2026-10-31T06:02:00+09:00,2026-10-31T06:02:00+09:00,0.0,90.0,PASS,
panchang,pac-2026-01-01,tithi,exact,13,13,0.0,0.0,PASS,
panchang,pac-2026-01-01,yoga,exact,23,23,0.0,0.0,PASS,
panchang,pac-2026-01-01,karana,exact,3,3,0.0,0.0,PASS,
panchang,pac-2026-04-15,tithi,exact,28,28,0.0,0.0,PASS,
panchang,pac-2026-04-15,yoga,exact,25,25,0.0,0.0,PASS,
panchang,pac-2026-04-15,karana,exact,5,5,0.0,0.0,PASS,
panchang,pac-2026-07-01,tithi,exact,16,16,0.0,0.0,PASS,
panchang,pac-2026-07-01,yoga,exact,26,26,0.0,0.0,PASS,
panchang,pac-2026-07-01,karana,exact,3,3,0.0,0.0,PASS,
forecast,sun-enters-aries-2025-03,Sun ingress,seconds,2025-03-20T09:01:30.060+00:00,2025-03-20T09:01:29Z,1.06,60.0,PASS,
forecast,sun-enters-aries-2025-03,"Sun ingress, monthly table",seconds,2025-03-20T09:01:30.060+00:00,2025-03-20T09:01:00+00:00,30.06,60.0,PASS,
forecast,sun-enters-cancer-2025-06,Sun ingress,seconds,2025-06-21T02:42:16.842+00:00,2025-06-21T02:42:16Z,0.842,60.0,PASS,
forecast,sun-enters-cancer-2025-06,"Sun ingress, monthly table",seconds,2025-06-21T02:42:16.842+00:00,2025-06-21T02:42:00+00:00,16.842,60.0,PASS,
forecast,mercury-enters-aries-2025-03,Mercury ingress,seconds,2025-03-03T09:03:40.471+00:00,2025-03-03T09:03:40Z,0.471,60.0,PASS,
forecast,mercury-enters-aries-2025-03,"Mercury ingress, monthly table",seconds,2025-03-03T09:03:40.471+00:00,2025-03-03T09:04:00+00:00,19.529,60.0,PASS,
forecast,mercury-reenters-pisces-2025-03,Mercury ingress,seconds,2025-03-30T02:17:57.917+00:00,2025-03-30T02:17:59Z,1.083,60.0,PASS,
forecast,mercury-reenters-pisces-2025-03,"Mercury ingress, monthly table",seconds,2025-03-30T02:17:57.917+00:00,2025-03-30T02:18:00+00:00,2.083,60.0,PASS,
forecast,venus-reenters-pisces-2025-03,Venus ingress,seconds,2025-03-27T08:40:32.071+00:00,2025-03-27T08:40:34Z,1.929,60.0,PASS,
forecast,venus-reenters-pisces-2025-03,"Venus ingress, monthly table",seconds,2025-03-27T08:40:32.071+00:00,2025-03-27T08:41:00+00:00,27.929,60.0,PASS,
forecast,mars-enters-leo-2025-04,Mars ingress,seconds,2025-04-18T04:20:52.280+00:00,2025-04-18T04:20:50Z,2.28,60.0,PASS,
forecast,mars-enters-leo-2025-04,"Mars ingress, monthly table",seconds,2025-04-18T04:20:52.280+00:00,2025-04-18T04:21:00+00:00,7.72,60.0,PASS,
forecast,jupiter-enters-cancer-2025-06,Jupiter ingress,seconds,2025-06-09T21:02:15.437+00:00,2025-06-09T21:02:10Z,5.437,600.0,PASS,
forecast,jupiter-enters-cancer-2025-06,"Jupiter ingress, monthly table",seconds,2025-06-09T21:02:15.437+00:00,2025-06-09T21:02:00+00:00,15.437,600.0,PASS,
forecast,uranus-enters-gemini-2025-07,Uranus ingress,seconds,2025-07-07T07:47:44.895+00:00,2025-07-07T07:47:19Z,25.895,600.0,PASS,
forecast,uranus-enters-gemini-2025-07,"Uranus ingress, monthly table",seconds,2025-07-07T07:47:44.895+00:00,2025-07-07T07:47:00+00:00,44.895,600.0,PASS,
forecast,neptune-enters-aries-2025-03,Neptune ingress,seconds,2025-03-30T11:58:26.631+00:00,2025-03-30T11:57:56Z,30.631,600.0,PASS,
forecast,neptune-enters-aries-2025-03,"Neptune ingress, monthly table",seconds,2025-03-30T11:58:26.631+00:00,2025-03-30T11:58:00+00:00,26.631,600.0,PASS,
forecast,moon-enters-virgo-2025-03,"Moon ingress, monthly table",seconds,2025-03-12T07:55:40.088+00:00,2025-03-12T07:56:00+00:00,19.912,60.0,PASS,
forecast,moon-enters-capricorn-2025-03,"Moon ingress, monthly table",seconds,2025-03-22T07:28:39.853+00:00,2025-03-22T07:29:00+00:00,20.147,60.0,PASS,
forecast,mars-stations-direct-2025-02,Mars station,seconds,2025-02-24T01:59:49.835+00:00,2025-02-24T01:59:49Z,0.835,60.0,PASS,
forecast,venus-stations-retrograde-2025-03,Venus station,seconds,2025-03-02T00:36:07.031+00:00,2025-03-02T00:36:07Z,0.031,60.0,PASS,
forecast,mercury-stations-retrograde-2025-03,Mercury station,seconds,2025-03-15T06:46:05.866+00:00,2025-03-15T06:46:06Z,0.134,60.0,PASS,
forecast,mercury-stations-direct-2025-04,Mercury station,seconds,2025-04-07T11:07:37.253+00:00,2025-04-07T11:07:37Z,0.253,60.0,PASS,
forecast,venus-stations-direct-2025-04,Venus station,seconds,2025-04-13T01:02:19.664+00:00,2025-04-13T01:02:19Z,0.664,60.0,PASS,
forecast,pluto-stations-retrograde-2025-05,Pluto station,seconds,2025-05-04T15:26:32.782+00:00,2025-05-04T15:26:19Z,13.782,600.0,PASS,
forecast,neptune-stations-retrograde-2025-07,Neptune station,seconds,2025-07-04T21:33:39.620+00:00,2025-07-04T21:33:39Z,0.62,600.0,PASS,
forecast,saturn-stations-retrograde-2025-07,Saturn station,seconds,2025-07-13T04:06:42.719+00:00,2025-07-13T04:06:42Z,0.719,600.0,PASS,
forecast,sun-opposes-natal-pluto-2025-02,Sun transit,seconds,2025-02-25T08:21:25.979+00:00,2025-02-25T08:21:26Z,0.021,60.0,PASS,
moon-phases,new-1969-07-14,date,days,1969-07-14,1969-07-14,0.0,0.0,PASS,
moon-phases,first-1969-07-22,date,days,1969-07-22,1969-07-22,0.0,0.0,PASS,
moon-phases,last-1988-06-07,date,days,1988-06-07,1988-06-07,0.0,0.0,PASS,
moon-phases,full-1988-11-23,date,days,1988-11-23,1988-11-23,0.0,0.0,PASS,
moon-phases,full-2000-07-16,date,days,2000-07-16,2000-07-16,0.0,0.0,PASS,
moon-phases,first-2012-01-01,date,days,2012-01-01,2012-01-01,0.0,0.0,PASS,
moon-phases,full-2012-06-04,date,days,2012-06-04,2012-06-04,0.0,0.0,PASS,
moon-phases,last-2019-03-28,date,days,2019-03-28,2019-03-28,0.0,0.0,PASS,
moon-phases,new-2019-10-28,date,days,2019-10-28,2019-10-28,0.0,0.0,PASS,
moon-phases,new-2023-12-12,date,days,2023-12-12,2023-12-12,0.0,0.0,PASS,
moon-phases,full-2023-12-27,date,days,2023-12-27,2023-12-27,0.0,0.0,PASS,
human-design,einstein,design instant,seconds,1878-12-17T12:51:11.916+00:00,1878-12-17T12:51:11.935Z,0.019,60.0,PASS,
human-design,einstein,personality Sun gate,exact,36,36,0.0,0.0,PASS,
human-design,einstein,personality Sun line,exact,1,1,0.0,0.0,PASS,
human-design,einstein,personality Earth gate,exact,6,6,0.0,0.0,PASS,
human-design,einstein,personality Earth line,exact,1,1,0.0,0.0,PASS,
human-design,einstein,design Sun gate,exact,11,11,0.0,0.0,PASS,
human-design,einstein,design Sun line,exact,4,4,0.0,0.0,PASS,
human-design,einstein,design Earth gate,exact,12,12,0.0,0.0,PASS,
human-design,einstein,design Earth line,exact,4,4,0.0,0.0,PASS,
human-design,einstein,profile,exact,1/4,1/4,0.0,0.0,PASS,
human-design,monroe,design instant,seconds,1926-03-03T18:44:51.484+00:00,1926-03-03T18:44:51.494Z,0.01,60.0,PASS,
human-design,monroe,personality Sun gate,exact,16,16,0.0,0.0,PASS,
human-design,monroe,personality Sun line,exact,6,6,0.0,0.0,PASS,
human-design,monroe,personality Earth gate,exact,9,9,0.0,0.0,PASS,
human-design,monroe,personality Earth line,exact,6,6,0.0,0.0,PASS,
human-design,monroe,design Sun gate,exact,63,63,0.0,0.0,PASS,
human-design,monroe,design Sun line,exact,2,2,0.0,0.0,PASS,
human-design,monroe,design Earth gate,exact,64,64,0.0,0.0,PASS,
human-design,monroe,design Earth line,exact,2,2,0.0,0.0,PASS,
human-design,monroe,profile,exact,6/2,6/2,0.0,0.0,PASS,
human-design,jfk,design instant,seconds,1917-02-28T23:54:06.349+00:00,1917-02-28T23:54:06.385Z,0.036,60.0,PASS,
human-design,jfk,personality Sun gate,exact,16,16,0.0,0.0,PASS,
human-design,jfk,personality Sun line,exact,3,3,0.0,0.0,PASS,
human-design,jfk,personality Earth gate,exact,9,9,0.0,0.0,PASS,
human-design,jfk,personality Earth line,exact,3,3,0.0,0.0,PASS,
human-design,jfk,design Sun gate,exact,37,37,0.0,0.0,PASS,
human-design,jfk,design Sun line,exact,5,5,0.0,0.0,PASS,
human-design,jfk,design Earth gate,exact,40,40,0.0,0.0,PASS,
human-design,jfk,design Earth line,exact,5,5,0.0,0.0,PASS,
human-design,jfk,profile,exact,3/5,3/5,0.0,0.0,PASS,
human-design,obama,design instant,seconds,1961-05-05T07:08:53.695+00:00,1961-05-05T07:08:53.423Z,0.272,60.0,PASS,
human-design,obama,personality Sun gate,exact,33,33,0.0,0.0,PASS,
human-design,obama,personality Sun line,exact,6,6,0.0,0.0,PASS,
human-design,obama,personality Earth gate,exact,19,19,0.0,0.0,PASS,
human-design,obama,personality Earth line,exact,6,6,0.0,0.0,PASS,
human-design,obama,design Sun gate,exact,2,2,0.0,0.0,PASS,
human-design,obama,design Sun line,exact,2,2,0.0,0.0,PASS,
human-design,obama,design Earth gate,exact,1,1,0.0,0.0,PASS,
human-design,obama,design Earth line,exact,2,2,0.0,0.0,PASS,
human-design,obama,profile,exact,6/2,6/2,0.0,0.0,PASS,
human-design,musk,design instant,seconds,1971-03-29T05:40:53.873+00:00,1971-03-29T05:40:53.847Z,0.026,60.0,PASS,
human-design,musk,personality Sun gate,exact,52,52,0.0,0.0,PASS,
human-design,musk,personality Sun line,exact,3,3,0.0,0.0,PASS,
human-design,musk,personality Earth gate,exact,58,58,0.0,0.0,PASS,
human-design,musk,personality Earth line,exact,3,3,0.0,0.0,PASS,
human-design,musk,design Sun gate,exact,17,17,0.0,0.0,PASS,
human-design,musk,design Sun line,exact,5,5,0.0,0.0,PASS,
human-design,musk,design Earth gate,exact,18,18,0.0,0.0,PASS,
human-design,musk,design Earth line,exact,5,5,0.0,0.0,PASS,
human-design,musk,profile,exact,3/5,3/5,0.0,0.0,PASS,
human-design,sydney_2010,design instant,seconds,2010-09-28T08:23:23.378+00:00,2010-09-28T08:23:23.380Z,0.002,60.0,PASS,
human-design,sydney_2010,personality Sun gate,exact,10,10,0.0,0.0,PASS,
human-design,sydney_2010,personality Sun line,exact,6,6,0.0,0.0,PASS,
human-design,sydney_2010,personality Earth gate,exact,15,15,0.0,0.0,PASS,
human-design,sydney_2010,personality Earth line,exact,6,6,0.0,0.0,PASS,
human-design,sydney_2010,design Sun gate,exact,18,18,0.0,0.0,PASS,
human-design,sydney_2010,design Sun line,exact,2,2,0.0,0.0,PASS,
human-design,sydney_2010,design Earth gate,exact,17,17,0.0,0.0,PASS,
human-design,sydney_2010,design Earth line,exact,2,2,0.0,0.0,PASS,
human-design,sydney_2010,profile,exact,6/2,6/2,0.0,0.0,PASS,
human-design,ny_dst_fall,design instant,seconds,2005-08-01T01:01:03.830+00:00,2005-08-01T01:01:03.810Z,0.02,60.0,PASS,
human-design,ny_dst_fall,personality Sun gate,exact,28,28,0.0,0.0,PASS,
human-design,ny_dst_fall,personality Sun line,exact,6,6,0.0,0.0,PASS,
human-design,ny_dst_fall,personality Earth gate,exact,27,27,0.0,0.0,PASS,
human-design,ny_dst_fall,personality Earth line,exact,6,6,0.0,0.0,PASS,
human-design,ny_dst_fall,design Sun gate,exact,33,33,0.0,0.0,PASS,
human-design,ny_dst_fall,design Sun line,exact,2,2,0.0,0.0,PASS,
human-design,ny_dst_fall,design Earth gate,exact,19,19,0.0,0.0,PASS,
human-design,ny_dst_fall,design Earth line,exact,2,2,0.0,0.0,PASS,
human-design,ny_dst_fall,profile,exact,6/2,6/2,0.0,0.0,PASS,
human-design,rave-new-year-2024,design instant,seconds,2023-10-27T16:49:27.086+00:00,2023-10-27T16:49:27.076Z,0.01,60.0,PASS,
human-design,rave-new-year-2024,personality Sun gate,exact,41,41,0.0,0.0,PASS,
human-design,rave-new-year-2024,personality Sun line,exact,1,1,0.0,0.0,PASS,
human-design,rave-new-year-2024,personality Earth gate,exact,31,31,0.0,0.0,PASS,
human-design,rave-new-year-2024,personality Earth line,exact,1,1,0.0,0.0,PASS,
human-design,rave-new-year-2024,design Sun gate,exact,28,28,0.0,0.0,PASS,
human-design,rave-new-year-2024,design Sun line,exact,3,3,0.0,0.0,PASS,
human-design,rave-new-year-2024,design Earth gate,exact,27,27,0.0,0.0,PASS,
human-design,rave-new-year-2024,design Earth line,exact,3,3,0.0,0.0,PASS,
human-design,rave-new-year-2024,profile,exact,1/3,1/3,0.0,0.0,PASS,
human-design,design-line-edge,design instant,seconds,1990-04-15T16:32:18.150+00:00,1990-04-15T16:32:18.148Z,0.002,60.0,PASS,
human-design,design-line-edge,personality Sun gate,exact,62,62,0.0,0.0,PASS,
human-design,design-line-edge,personality Sun line,exact,3,3,0.0,0.0,PASS,
human-design,design-line-edge,personality Earth gate,exact,61,61,0.0,0.0,PASS,
human-design,design-line-edge,personality Earth line,exact,3,3,0.0,0.0,PASS,
human-design,design-line-edge,design Sun gate,exact,42,42,0.0,0.0,PASS,
human-design,design-line-edge,design Sun line,exact,6,6,0.0,0.0,PASS,
human-design,design-line-edge,design Earth gate,exact,32,32,0.0,0.0,PASS,
human-design,design-line-edge,design Earth line,exact,6,6,0.0,0.0,PASS,
human-design,design-line-edge,profile,exact,3/6,3/6,0.0,0.0,PASS,
human-design,personality-line-edge,design instant,seconds,1974-12-13T06:53:37.314+00:00,1974-12-13T06:53:37.314Z,0.0,60.0,PASS,
human-design,personality-line-edge,personality Sun gate,exact,22,22,0.0,0.0,PASS,
human-design,personality-line-edge,personality Sun line,exact,3,3,0.0,0.0,PASS,
human-design,personality-line-edge,personality Earth gate,exact,47,47,0.0,0.0,PASS,
human-design,personality-line-edge,personality Earth line,exact,3,3,0.0,0.0,PASS,
human-design,personality-line-edge,design Sun gate,exact,26,26,0.0,0.0,PASS,
human-design,personality-line-edge,design Sun line,exact,5,5,0.0,0.0,PASS,
human-design,personality-line-edge,design Earth gate,exact,45,45,0.0,0.0,PASS,
human-design,personality-line-edge,design Earth line,exact,5,5,0.0,0.0,PASS,
human-design,personality-line-edge,profile,exact,3/5,3/5,0.0,0.0,PASS,
chinese-calendar,solar-terms-1950,li-chun,days,1950-02-04,1950-02-04,0.0,0.0,PASS,
chinese-calendar,solar-terms-1950,yu-shui,days,1950-02-19,1950-02-19,0.0,0.0,PASS,
chinese-calendar,solar-terms-1950,jing-zhe,days,1950-03-06,1950-03-06,0.0,0.0,PASS,
chinese-calendar,solar-terms-1950,chun-fen,days,1950-03-21,1950-03-21,0.0,0.0,PASS,
chinese-calendar,solar-terms-1950,qing-ming,days,1950-04-05,1950-04-05,0.0,0.0,PASS,
chinese-calendar,solar-terms-1950,gu-yu,days,1950-04-20,1950-04-20,0.0,0.0,PASS,
chinese-calendar,solar-terms-1950,li-xia,days,1950-05-06,1950-05-06,0.0,0.0,PASS,
chinese-calendar,solar-terms-1950,xiao-man,days,1950-05-21,1950-05-21,0.0,0.0,PASS,
chinese-calendar,solar-terms-1950,mang-zhong,days,1950-06-06,1950-06-06,0.0,0.0,PASS,
chinese-calendar,solar-terms-1950,xia-zhi,days,1950-06-22,1950-06-22,0.0,0.0,PASS,
chinese-calendar,solar-terms-1950,xiao-shu,days,1950-07-08,1950-07-08,0.0,0.0,PASS,
chinese-calendar,solar-terms-1950,da-shu,days,1950-07-23,1950-07-23,0.0,0.0,PASS,
chinese-calendar,solar-terms-1950,li-qiu,days,1950-08-08,1950-08-08,0.0,0.0,PASS,
chinese-calendar,solar-terms-1950,chu-shu,days,1950-08-24,1950-08-24,0.0,0.0,PASS,
chinese-calendar,solar-terms-1950,bai-lu,days,1950-09-08,1950-09-08,0.0,0.0,PASS,
chinese-calendar,solar-terms-1950,qiu-fen,days,1950-09-23,1950-09-23,0.0,0.0,PASS,
chinese-calendar,solar-terms-1950,han-lu,days,1950-10-09,1950-10-09,0.0,0.0,PASS,
chinese-calendar,solar-terms-1950,shuang-jiang,days,1950-10-24,1950-10-24,0.0,0.0,PASS,
chinese-calendar,solar-terms-1950,li-dong,days,1950-11-08,1950-11-08,0.0,0.0,PASS,
chinese-calendar,solar-terms-1950,xiao-xue,days,1950-11-23,1950-11-23,0.0,0.0,PASS,
chinese-calendar,solar-terms-1950,da-xue,days,1950-12-08,1950-12-08,0.0,0.0,PASS,
chinese-calendar,solar-terms-1950,dong-zhi,days,1950-12-22,1950-12-22,0.0,0.0,PASS,
chinese-calendar,solar-terms-1950,xiao-han,days,1951-01-06,1951-01-06,0.0,0.0,PASS,
chinese-calendar,solar-terms-1950,da-han,days,1951-01-21,1951-01-21,0.0,0.0,PASS,
chinese-calendar,solar-terms-1985,li-chun,days,1985-02-04,1985-02-04,0.0,0.0,PASS,
chinese-calendar,solar-terms-1985,yu-shui,days,1985-02-19,1985-02-19,0.0,0.0,PASS,
chinese-calendar,solar-terms-1985,jing-zhe,days,1985-03-05,1985-03-05,0.0,0.0,PASS,
chinese-calendar,solar-terms-1985,chun-fen,days,1985-03-21,1985-03-21,0.0,0.0,PASS,
chinese-calendar,solar-terms-1985,qing-ming,days,1985-04-05,1985-04-05,0.0,0.0,PASS,
chinese-calendar,solar-terms-1985,gu-yu,days,1985-04-20,1985-04-20,0.0,0.0,PASS,
chinese-calendar,solar-terms-1985,li-xia,days,1985-05-05,1985-05-05,0.0,0.0,PASS,
chinese-calendar,solar-terms-1985,xiao-man,days,1985-05-21,1985-05-21,0.0,0.0,PASS,
chinese-calendar,solar-terms-1985,mang-zhong,days,1985-06-06,1985-06-06,0.0,0.0,PASS,
chinese-calendar,solar-terms-1985,xia-zhi,days,1985-06-21,1985-06-21,0.0,0.0,PASS,
chinese-calendar,solar-terms-1985,xiao-shu,days,1985-07-07,1985-07-07,0.0,0.0,PASS,
chinese-calendar,solar-terms-1985,da-shu,days,1985-07-23,1985-07-23,0.0,0.0,PASS,
chinese-calendar,solar-terms-1985,li-qiu,days,1985-08-07,1985-08-07,0.0,0.0,PASS,
chinese-calendar,solar-terms-1985,chu-shu,days,1985-08-23,1985-08-23,0.0,0.0,PASS,
chinese-calendar,solar-terms-1985,bai-lu,days,1985-09-08,1985-09-08,0.0,0.0,PASS,
chinese-calendar,solar-terms-1985,qiu-fen,days,1985-09-23,1985-09-23,0.0,0.0,PASS,
chinese-calendar,solar-terms-1985,han-lu,days,1985-10-08,1985-10-08,0.0,0.0,PASS,
chinese-calendar,solar-terms-1985,shuang-jiang,days,1985-10-23,1985-10-23,0.0,0.0,PASS,
chinese-calendar,solar-terms-1985,li-dong,days,1985-11-07,1985-11-07,0.0,0.0,PASS,
chinese-calendar,solar-terms-1985,xiao-xue,days,1985-11-22,1985-11-22,0.0,0.0,PASS,
chinese-calendar,solar-terms-1985,da-xue,days,1985-12-07,1985-12-07,0.0,0.0,PASS,
chinese-calendar,solar-terms-1985,dong-zhi,days,1985-12-22,1985-12-22,0.0,0.0,PASS,
chinese-calendar,solar-terms-1985,xiao-han,days,1986-01-05,1986-01-05,0.0,0.0,PASS,
chinese-calendar,solar-terms-1985,da-han,days,1986-01-20,1986-01-20,0.0,0.0,PASS,
chinese-calendar,solar-terms-2026,li-chun,days,2026-02-04,2026-02-04,0.0,0.0,PASS,
chinese-calendar,solar-terms-2026,yu-shui,days,2026-02-18,2026-02-18,0.0,0.0,PASS,
chinese-calendar,solar-terms-2026,jing-zhe,days,2026-03-05,2026-03-05,0.0,0.0,PASS,
chinese-calendar,solar-terms-2026,chun-fen,days,2026-03-20,2026-03-20,0.0,0.0,PASS,
chinese-calendar,solar-terms-2026,qing-ming,days,2026-04-05,2026-04-05,0.0,0.0,PASS,
chinese-calendar,solar-terms-2026,gu-yu,days,2026-04-20,2026-04-20,0.0,0.0,PASS,
chinese-calendar,solar-terms-2026,li-xia,days,2026-05-05,2026-05-05,0.0,0.0,PASS,
chinese-calendar,solar-terms-2026,xiao-man,days,2026-05-21,2026-05-21,0.0,0.0,PASS,
chinese-calendar,solar-terms-2026,mang-zhong,days,2026-06-05,2026-06-05,0.0,0.0,PASS,
chinese-calendar,solar-terms-2026,xia-zhi,days,2026-06-21,2026-06-21,0.0,0.0,PASS,
chinese-calendar,solar-terms-2026,xiao-shu,days,2026-07-07,2026-07-07,0.0,0.0,PASS,
chinese-calendar,solar-terms-2026,da-shu,days,2026-07-23,2026-07-23,0.0,0.0,PASS,
chinese-calendar,solar-terms-2026,li-qiu,days,2026-08-07,2026-08-07,0.0,0.0,PASS,
chinese-calendar,solar-terms-2026,chu-shu,days,2026-08-23,2026-08-23,0.0,0.0,PASS,
chinese-calendar,solar-terms-2026,bai-lu,days,2026-09-07,2026-09-07,0.0,0.0,PASS,
chinese-calendar,solar-terms-2026,qiu-fen,days,2026-09-23,2026-09-23,0.0,0.0,PASS,
chinese-calendar,solar-terms-2026,han-lu,days,2026-10-08,2026-10-08,0.0,0.0,PASS,
chinese-calendar,solar-terms-2026,shuang-jiang,days,2026-10-23,2026-10-23,0.0,0.0,PASS,
chinese-calendar,solar-terms-2026,li-dong,days,2026-11-07,2026-11-07,0.0,0.0,PASS,
chinese-calendar,solar-terms-2026,xiao-xue,days,2026-11-22,2026-11-22,0.0,0.0,PASS,
chinese-calendar,solar-terms-2026,da-xue,days,2026-12-07,2026-12-07,0.0,0.0,PASS,
chinese-calendar,solar-terms-2026,dong-zhi,days,2026-12-22,2026-12-22,0.0,0.0,PASS,
chinese-calendar,solar-terms-2026,xiao-han,days,2027-01-05,2027-01-05,0.0,0.0,PASS,
chinese-calendar,solar-terms-2026,da-han,days,2027-01-20,2027-01-20,0.0,0.0,PASS,
chinese-calendar,solar-terms-2050,li-chun,days,2050-02-03,2050-02-03,0.0,0.0,PASS,
chinese-calendar,solar-terms-2050,yu-shui,days,2050-02-18,2050-02-18,0.0,0.0,PASS,
chinese-calendar,solar-terms-2050,jing-zhe,days,2050-03-05,2050-03-05,0.0,0.0,PASS,
chinese-calendar,solar-terms-2050,chun-fen,days,2050-03-20,2050-03-20,0.0,0.0,PASS,
chinese-calendar,solar-terms-2050,qing-ming,days,2050-04-04,2050-04-04,0.0,0.0,PASS,
chinese-calendar,solar-terms-2050,gu-yu,days,2050-04-20,2050-04-20,0.0,0.0,PASS,
chinese-calendar,solar-terms-2050,li-xia,days,2050-05-05,2050-05-05,0.0,0.0,PASS,
chinese-calendar,solar-terms-2050,xiao-man,days,2050-05-21,2050-05-21,0.0,0.0,PASS,
chinese-calendar,solar-terms-2050,mang-zhong,days,2050-06-05,2050-06-05,0.0,0.0,PASS,
chinese-calendar,solar-terms-2050,xia-zhi,days,2050-06-21,2050-06-21,0.0,0.0,PASS,
chinese-calendar,solar-terms-2050,xiao-shu,days,2050-07-07,2050-07-07,0.0,0.0,PASS,
chinese-calendar,solar-terms-2050,da-shu,days,2050-07-22,2050-07-22,0.0,0.0,PASS,
chinese-calendar,solar-terms-2050,li-qiu,days,2050-08-07,2050-08-07,0.0,0.0,PASS,
chinese-calendar,solar-terms-2050,chu-shu,days,2050-08-23,2050-08-23,0.0,0.0,PASS,
chinese-calendar,solar-terms-2050,bai-lu,days,2050-09-07,2050-09-07,0.0,0.0,PASS,
chinese-calendar,solar-terms-2050,qiu-fen,days,2050-09-23,2050-09-23,0.0,0.0,PASS,
chinese-calendar,solar-terms-2050,han-lu,days,2050-10-08,2050-10-08,0.0,0.0,PASS,
chinese-calendar,solar-terms-2050,shuang-jiang,days,2050-10-23,2050-10-23,0.0,0.0,PASS,
chinese-calendar,solar-terms-2050,li-dong,days,2050-11-07,2050-11-07,0.0,0.0,PASS,
chinese-calendar,solar-terms-2050,xiao-xue,days,2050-11-22,2050-11-22,0.0,0.0,PASS,
chinese-calendar,solar-terms-2050,da-xue,days,2050-12-07,2050-12-07,0.0,0.0,PASS,
chinese-calendar,solar-terms-2050,dong-zhi,days,2050-12-22,2050-12-22,0.0,0.0,PASS,
chinese-calendar,solar-terms-2050,xiao-han,days,2051-01-05,2051-01-05,0.0,0.0,PASS,
chinese-calendar,solar-terms-2050,da-han,days,2051-01-20,2051-01-20,0.0,0.0,PASS,
chinese-calendar,lunar-new-year-1920,lunar_new_year,days,1920-02-20,1920-02-20,0.0,0.0,PASS,
chinese-calendar,lunar-new-year-1950,lunar_new_year,days,1950-02-17,1950-02-17,0.0,0.0,PASS,
chinese-calendar,lunar-new-year-1985,lunar_new_year,days,1985-02-20,1985-02-20,0.0,0.0,PASS,
chinese-calendar,lunar-new-year-2000,lunar_new_year,days,2000-02-05,2000-02-05,0.0,0.0,PASS,
chinese-calendar,lunar-new-year-2026,lunar_new_year,days,2026-02-17,2026-02-17,0.0,0.0,PASS,
chinese-calendar,lunar-new-year-2050,lunar_new_year,days,2050-01-23,2050-01-23,0.0,0.0,PASS,
chinese-calendar,lunar-new-year-2099,lunar_new_year,days,2099-01-21,2099-01-21,0.0,0.0,PASS,
chinese-calendar,pillars-spring-1950,year_pillar,exact,geng-yin,geng-yin,0.0,0.0,PASS,
chinese-calendar,pillars-spring-1950,month_pillar,exact,ji-mao,ji-mao,0.0,0.0,PASS,
chinese-calendar,pillars-spring-1950,day_pillar,exact,ji-you,ji-you,0.0,0.0,PASS,
chinese-calendar,pillars-spring-1950,hour_pillar,exact,wu-chen,wu-chen,0.0,0.0,PASS,
chinese-calendar,pillars-before-lichun,year_pillar,exact,yi-si,yi-si,0.0,0.0,PASS,
chinese-calendar,pillars-before-lichun,month_pillar,exact,ji-chou,ji-chou,0.0,0.0,PASS,
chinese-calendar,pillars-before-lichun,day_pillar,exact,wu-shen,wu-shen,0.0,0.0,PASS,
chinese-calendar,pillars-before-lichun,hour_pillar,exact,wu-wu,wu-wu,0.0,0.0,PASS,
chinese-calendar,pillars-after-lichun,year_pillar,exact,bing-wu,bing-wu,0.0,0.0,PASS,
chinese-calendar,pillars-after-lichun,month_pillar,exact,geng-yin,geng-yin,0.0,0.0,PASS,
chinese-calendar,pillars-after-lichun,day_pillar,exact,geng-xu,geng-xu,0.0,0.0,PASS,
chinese-calendar,pillars-after-lichun,hour_pillar,exact,ren-wu,ren-wu,0.0,0.0,PASS,
chinese-calendar,pillars-first-day-2000,year_pillar,exact,ji-mao,ji-mao,0.0,0.0,PASS,
chinese-calendar,pillars-first-day-2000,month_pillar,exact,bing-zi,bing-zi,0.0,0.0,PASS,
chinese-calendar,pillars-first-day-2000,day_pillar,exact,wu-wu,wu-wu,0.0,0.0,PASS,
chinese-calendar,pillars-first-day-2000,hour_pillar,exact,wu-wu,wu-wu,0.0,0.0,PASS,
chinese-calendar,pillars-after-xiaohan,year_pillar,exact,jia-chen,jia-chen,0.0,0.0,PASS,
chinese-calendar,pillars-after-xiaohan,month_pillar,exact,ding-chou,ding-chou,0.0,0.0,PASS,
chinese-calendar,pillars-after-xiaohan,day_pillar,exact,ji-mao,ji-mao,0.0,0.0,PASS,
chinese-calendar,pillars-after-xiaohan,hour_pillar,exact,ren-shen,ren-shen,0.0,0.0,PASS,
chinese-calendar,pillars-winter-1976,year_pillar,exact,bing-chen,bing-chen,0.0,0.0,PASS,
chinese-calendar,pillars-winter-1976,month_pillar,exact,ji-hai,ji-hai,0.0,0.0,PASS,
chinese-calendar,pillars-winter-1976,day_pillar,exact,bing-zi,bing-zi,0.0,0.0,PASS,
chinese-calendar,pillars-winter-1976,hour_pillar,exact,wu-xu,wu-xu,0.0,0.0,PASS,
chinese-calendar,pillars-year-end-1985,year_pillar,exact,yi-chou,yi-chou,0.0,0.0,PASS,
chinese-calendar,pillars-year-end-1985,month_pillar,exact,wu-zi,wu-zi,0.0,0.0,PASS,
chinese-calendar,pillars-year-end-1985,day_pillar,exact,wu-xu,wu-xu,0.0,0.0,PASS,
chinese-calendar,pillars-year-end-1985,hour_pillar,exact,ji-wei,ji-wei,0.0,0.0,PASS,
chinese-calendar,pillars-autumn-2049,year_pillar,exact,ji-si,ji-si,0.0,0.0,PASS,
chinese-calendar,pillars-autumn-2049,month_pillar,exact,ren-shen,ren-shen,0.0,0.0,PASS,
chinese-calendar,pillars-autumn-2049,day_pillar,exact,ding-mao,ding-mao,0.0,0.0,PASS,
chinese-calendar,pillars-autumn-2049,hour_pillar,exact,xin-hai,xin-hai,0.0,0.0,PASS,
feng-shui,kua-before-lichun-2026-male,kua,exact,2,2,0.0,0.0,PASS,
feng-shui,kua-before-lichun-2026-male,raw_kua,exact,2,2,0.0,0.0,PASS,
feng-shui,kua-before-lichun-2026-male,solar_year,exact,2025,2025,0.0,0.0,PASS,
feng-shui,kua-before-lichun-2026-male,boundary_date,days,2026-02-04,2026-02-04,0.0,0.0,PASS,
feng-shui,kua-lichun-day-2026-female,kua,exact,4,4,0.0,0.0,PASS,
feng-shui,kua-lichun-day-2026-female,raw_kua,exact,4,4,0.0,0.0,PASS,
feng-shui,kua-lichun-day-2026-female,solar_year,exact,2025,2025,0.0,0.0,PASS,
feng-shui,kua-lichun-day-2026-female,boundary_date,days,2026-02-04,2026-02-04,0.0,0.0,PASS,
feng-shui,kua-after-lichun-2026-female,kua,exact,8,8,0.0,0.0,PASS,
feng-shui,kua-after-lichun-2026-female,raw_kua,exact,5,5,0.0,0.0,PASS,
feng-shui,kua-after-lichun-2026-female,solar_year,exact,2026,2026,0.0,0.0,PASS,
feng-shui,kua-after-lichun-2026-female,boundary_date,days,2026-02-04,2026-02-04,0.0,0.0,PASS,
feng-shui,kua-after-lichun-2026-male,kua,exact,1,1,0.0,0.0,PASS,
feng-shui,kua-after-lichun-2026-male,raw_kua,exact,1,1,0.0,0.0,PASS,
feng-shui,kua-after-lichun-2026-male,solar_year,exact,2026,2026,0.0,0.0,PASS,
feng-shui,kua-after-lichun-2026-male,boundary_date,days,2026-02-04,2026-02-04,0.0,0.0,PASS,
feng-shui,kua-early-lichun-2025-male,kua,exact,2,2,0.0,0.0,PASS,
feng-shui,kua-early-lichun-2025-male,raw_kua,exact,2,2,0.0,0.0,PASS,
feng-shui,kua-early-lichun-2025-male,solar_year,exact,2025,2025,0.0,0.0,PASS,
feng-shui,kua-early-lichun-2025-male,boundary_date,days,2025-02-03,2025-02-03,0.0,0.0,PASS,
feng-shui,kua-raw-five-1986-male,kua,exact,2,2,0.0,0.0,PASS,
feng-shui,kua-raw-five-1986-male,raw_kua,exact,5,5,0.0,0.0,PASS,
feng-shui,kua-raw-five-1986-male,solar_year,exact,1986,1986,0.0,0.0,PASS,
feng-shui,kua-raw-five-1986-male,boundary_date,days,1986-02-04,1986-02-04,0.0,0.0,PASS,
feng-shui,kua-before-lichun-1950-female,kua,exact,9,9,0.0,0.0,PASS,
feng-shui,kua-before-lichun-1950-female,raw_kua,exact,9,9,0.0,0.0,PASS,
feng-shui,kua-before-lichun-1950-female,solar_year,exact,1949,1949,0.0,0.0,PASS,
feng-shui,kua-before-lichun-1950-female,boundary_date,days,1950-02-04,1950-02-04,0.0,0.0,PASS,
feng-shui,kua-century-2100-male,kua,exact,8,8,0.0,0.0,PASS,
feng-shui,kua-century-2100-male,raw_kua,exact,8,8,0.0,0.0,PASS,
feng-shui,kua-century-2100-male,solar_year,exact,2100,2100,0.0,0.0,PASS,
feng-shui,kua-century-2100-male,boundary_date,days,2100-02-04,2100-02-04,0.0,0.0,PASS,
feng-shui,annual-1901,annual_center,exact,9,9,0.0,0.0,PASS,
feng-shui,annual-1901,annual_northwest,exact,1,1,0.0,0.0,PASS,
feng-shui,annual-1901,annual_west,exact,2,2,0.0,0.0,PASS,
feng-shui,annual-1901,annual_northeast,exact,3,3,0.0,0.0,PASS,
feng-shui,annual-1901,annual_south,exact,4,4,0.0,0.0,PASS,
feng-shui,annual-1901,annual_north,exact,5,5,0.0,0.0,PASS,
feng-shui,annual-1901,annual_southwest,exact,6,6,0.0,0.0,PASS,
feng-shui,annual-1901,annual_east,exact,7,7,0.0,0.0,PASS,
feng-shui,annual-1901,annual_southeast,exact,8,8,0.0,0.0,PASS,
feng-shui,annual-1901,changeover_date,days,1901-02-04,1901-02-04,0.0,0.0,PASS,
feng-shui,annual-1984,annual_center,exact,7,7,0.0,0.0,PASS,
feng-shui,annual-1984,annual_northwest,exact,8,8,0.0,0.0,PASS,
feng-shui,annual-1984,annual_west,exact,9,9,0.0,0.0,PASS,
feng-shui,annual-1984,annual_northeast,exact,1,1,0.0,0.0,PASS,
feng-shui,annual-1984,annual_south,exact,2,2,0.0,0.0,PASS,
feng-shui,annual-1984,annual_north,exact,3,3,0.0,0.0,PASS,
feng-shui,annual-1984,annual_southwest,exact,4,4,0.0,0.0,PASS,
feng-shui,annual-1984,annual_east,exact,5,5,0.0,0.0,PASS,
feng-shui,annual-1984,annual_southeast,exact,6,6,0.0,0.0,PASS,
feng-shui,annual-1984,changeover_date,days,1984-02-04,1984-02-04,0.0,0.0,PASS,
feng-shui,annual-2024,annual_center,exact,3,3,0.0,0.0,PASS,
feng-shui,annual-2024,annual_northwest,exact,4,4,0.0,0.0,PASS,
feng-shui,annual-2024,annual_west,exact,5,5,0.0,0.0,PASS,
feng-shui,annual-2024,annual_northeast,exact,6,6,0.0,0.0,PASS,
feng-shui,annual-2024,annual_south,exact,7,7,0.0,0.0,PASS,
feng-shui,annual-2024,annual_north,exact,8,8,0.0,0.0,PASS,
feng-shui,annual-2024,annual_southwest,exact,9,9,0.0,0.0,PASS,
feng-shui,annual-2024,annual_east,exact,1,1,0.0,0.0,PASS,
feng-shui,annual-2024,annual_southeast,exact,2,2,0.0,0.0,PASS,
feng-shui,annual-2024,changeover_date,days,2024-02-04,2024-02-04,0.0,0.0,PASS,
feng-shui,annual-2026,annual_center,exact,1,1,0.0,0.0,PASS,
feng-shui,annual-2026,annual_northwest,exact,2,2,0.0,0.0,PASS,
feng-shui,annual-2026,annual_west,exact,3,3,0.0,0.0,PASS,
feng-shui,annual-2026,annual_northeast,exact,4,4,0.0,0.0,PASS,
feng-shui,annual-2026,annual_south,exact,5,5,0.0,0.0,PASS,
feng-shui,annual-2026,annual_north,exact,6,6,0.0,0.0,PASS,
feng-shui,annual-2026,annual_southwest,exact,7,7,0.0,0.0,PASS,
feng-shui,annual-2026,annual_east,exact,8,8,0.0,0.0,PASS,
feng-shui,annual-2026,annual_southeast,exact,9,9,0.0,0.0,PASS,
feng-shui,annual-2026,changeover_date,days,2026-02-04,2026-02-04,0.0,0.0,PASS,
feng-shui,annual-2100,annual_center,exact,8,8,0.0,0.0,PASS,
feng-shui,annual-2100,annual_northwest,exact,9,9,0.0,0.0,PASS,
feng-shui,annual-2100,annual_west,exact,1,1,0.0,0.0,PASS,
feng-shui,annual-2100,annual_northeast,exact,2,2,0.0,0.0,PASS,
feng-shui,annual-2100,annual_south,exact,3,3,0.0,0.0,PASS,
feng-shui,annual-2100,annual_north,exact,4,4,0.0,0.0,PASS,
feng-shui,annual-2100,annual_southwest,exact,5,5,0.0,0.0,PASS,
feng-shui,annual-2100,annual_east,exact,6,6,0.0,0.0,PASS,
feng-shui,annual-2100,annual_southeast,exact,7,7,0.0,0.0,PASS,
feng-shui,annual-2100,changeover_date,days,2100-02-04,2100-02-04,0.0,0.0,PASS,
feng-shui,natal-period-8-facing-wu,period_center,exact,8,8,0.0,0.0,PASS,
feng-shui,natal-period-8-facing-wu,period_northwest,exact,9,9,0.0,0.0,PASS,
feng-shui,natal-period-8-facing-wu,period_west,exact,1,1,0.0,0.0,PASS,
feng-shui,natal-period-8-facing-wu,period_northeast,exact,2,2,0.0,0.0,PASS,
feng-shui,natal-period-8-facing-wu,period_south,exact,3,3,0.0,0.0,PASS,
feng-shui,natal-period-8-facing-wu,period_north,exact,4,4,0.0,0.0,PASS,
feng-shui,natal-period-8-facing-wu,period_southwest,exact,5,5,0.0,0.0,PASS,
feng-shui,natal-period-8-facing-wu,period_east,exact,6,6,0.0,0.0,PASS,
feng-shui,natal-period-8-facing-wu,period_southeast,exact,7,7,0.0,0.0,PASS,
feng-shui,natal-period-8-facing-wu,mountain_center,exact,4,4,0.0,0.0,PASS,
feng-shui,natal-period-8-facing-wu,mountain_northwest,exact,5,5,0.0,0.0,PASS,
feng-shui,natal-period-8-facing-wu,mountain_west,exact,6,6,0.0,0.0,PASS,
feng-shui,natal-period-8-facing-wu,mountain_northeast,exact,7,7,0.0,0.0,PASS,
feng-shui,natal-period-8-facing-wu,mountain_south,exact,8,8,0.0,0.0,PASS,
feng-shui,natal-period-8-facing-wu,mountain_north,exact,9,9,0.0,0.0,PASS,
feng-shui,natal-period-8-facing-wu,mountain_southwest,exact,1,1,0.0,0.0,PASS,
feng-shui,natal-period-8-facing-wu,mountain_east,exact,2,2,0.0,0.0,PASS,
feng-shui,natal-period-8-facing-wu,mountain_southeast,exact,3,3,0.0,0.0,PASS,
feng-shui,natal-period-8-facing-wu,water_center,exact,3,3,0.0,0.0,PASS,
feng-shui,natal-period-8-facing-wu,water_northwest,exact,2,2,0.0,0.0,PASS,
feng-shui,natal-period-8-facing-wu,water_west,exact,1,1,0.0,0.0,PASS,
feng-shui,natal-period-8-facing-wu,water_northeast,exact,9,9,0.0,0.0,PASS,
feng-shui,natal-period-8-facing-wu,water_south,exact,8,8,0.0,0.0,PASS,
feng-shui,natal-period-8-facing-wu,water_north,exact,7,7,0.0,0.0,PASS,
feng-shui,natal-period-8-facing-wu,water_southwest,exact,6,6,0.0,0.0,PASS,
feng-shui,natal-period-8-facing-wu,water_east,exact,5,5,0.0,0.0,PASS,
feng-shui,natal-period-8-facing-wu,water_southeast,exact,4,4,0.0,0.0,PASS,
feng-shui,natal-period-8-facing-wu,mountain_flight,exact,forward,forward,0.0,0.0,PASS,
feng-shui,natal-period-8-facing-wu,water_flight,exact,reverse,reverse,0.0,0.0,PASS,
feng-shui,natal-period-9-facing-zi,period_center,exact,9,9,0.0,0.0,PASS,
feng-shui,natal-period-9-facing-zi,period_northwest,exact,1,1,0.0,0.0,PASS,
feng-shui,natal-period-9-facing-zi,period_west,exact,2,2,0.0,0.0,PASS,
feng-shui,natal-period-9-facing-zi,period_northeast,exact,3,3,0.0,0.0,PASS,
feng-shui,natal-period-9-facing-zi,period_south,exact,4,4,0.0,0.0,PASS,
feng-shui,natal-period-9-facing-zi,period_north,exact,5,5,0.0,0.0,PASS,
feng-shui,natal-period-9-facing-zi,period_southwest,exact,6,6,0.0,0.0,PASS,
feng-shui,natal-period-9-facing-zi,period_east,exact,7,7,0.0,0.0,PASS,
feng-shui,natal-period-9-facing-zi,period_southeast,exact,8,8,0.0,0.0,PASS,
feng-shui,natal-period-9-facing-zi,mountain_center,exact,4,4,0.0,0.0,PASS,
feng-shui,natal-period-9-facing-zi,mountain_northwest,exact,5,5,0.0,0.0,PASS,
feng-shui,natal-period-9-facing-zi,mountain_west,exact,6,6,0.0,0.0,PASS,
feng-shui,natal-period-9-facing-zi,mountain_northeast,exact,7,7,0.0,0.0,PASS,
feng-shui,natal-period-9-facing-zi,mountain_south,exact,8,8,0.0,0.0,PASS,
feng-shui,natal-period-9-facing-zi,mountain_north,exact,9,9,0.0,0.0,PASS,
feng-shui,natal-period-9-facing-zi,mountain_southwest,exact,1,1,0.0,0.0,PASS,
feng-shui,natal-period-9-facing-zi,mountain_east,exact,2,2,0.0,0.0,PASS,
feng-shui,natal-period-9-facing-zi,mountain_southeast,exact,3,3,0.0,0.0,PASS,
feng-shui,natal-period-9-facing-zi,water_center,exact,5,5,0.0,0.0,PASS,
feng-shui,natal-period-9-facing-zi,water_northwest,exact,4,4,0.0,0.0,PASS,
feng-shui,natal-period-9-facing-zi,water_west,exact,3,3,0.0,0.0,PASS,
feng-shui,natal-period-9-facing-zi,water_northeast,exact,2,2,0.0,0.0,PASS,
feng-shui,natal-period-9-facing-zi,water_south,exact,1,1,0.0,0.0,PASS,
feng-shui,natal-period-9-facing-zi,water_north,exact,9,9,0.0,0.0,PASS,
feng-shui,natal-period-9-facing-zi,water_southwest,exact,8,8,0.0,0.0,PASS,
feng-shui,natal-period-9-facing-zi,water_east,exact,7,7,0.0,0.0,PASS,
feng-shui,natal-period-9-facing-zi,water_southeast,exact,6,6,0.0,0.0,PASS,
feng-shui,natal-period-9-facing-zi,mountain_flight,exact,forward,forward,0.0,0.0,PASS,
feng-shui,natal-period-9-facing-zi,water_flight,exact,reverse,reverse,0.0,0.0,PASS,
feng-shui,natal-period-4-facing-xun,period_center,exact,4,4,0.0,0.0,PASS,
feng-shui,natal-period-4-facing-xun,period_northwest,exact,5,5,0.0,0.0,PASS,
feng-shui,natal-period-4-facing-xun,period_west,exact,6,6,0.0,0.0,PASS,
feng-shui,natal-period-4-facing-xun,period_northeast,exact,7,7,0.0,0.0,PASS,
feng-shui,natal-period-4-facing-xun,period_south,exact,8,8,0.0,0.0,PASS,
feng-shui,natal-period-4-facing-xun,period_north,exact,9,9,0.0,0.0,PASS,
feng-shui,natal-period-4-facing-xun,period_southwest,exact,1,1,0.0,0.0,PASS,
feng-shui,natal-period-4-facing-xun,period_east,exact,2,2,0.0,0.0,PASS,
feng-shui,natal-period-4-facing-xun,period_southeast,exact,3,3,0.0,0.0,PASS,
feng-shui,natal-period-4-facing-xun,mountain_center,exact,5,5,0.0,0.0,PASS,
feng-shui,natal-period-4-facing-xun,mountain_northwest,exact,6,6,0.0,0.0,PASS,
feng-shui,natal-period-4-facing-xun,mountain_west,exact,7,7,0.0,0.0,PASS,
feng-shui,natal-period-4-facing-xun,mountain_northeast,exact,8,8,0.0,0.0,PASS,
feng-shui,natal-period-4-facing-xun,mountain_south,exact,9,9,0.0,0.0,PASS,
feng-shui,natal-period-4-facing-xun,mountain_north,exact,1,1,0.0,0.0,PASS,
feng-shui,natal-period-4-facing-xun,mountain_southwest,exact,2,2,0.0,0.0,PASS,
feng-shui,natal-period-4-facing-xun,mountain_east,exact,3,3,0.0,0.0,PASS,
feng-shui,natal-period-4-facing-xun,mountain_southeast,exact,4,4,0.0,0.0,PASS,
feng-shui,natal-period-4-facing-xun,water_center,exact,3,3,0.0,0.0,PASS,
feng-shui,natal-period-4-facing-xun,water_northwest,exact,2,2,0.0,0.0,PASS,
feng-shui,natal-period-4-facing-xun,water_west,exact,1,1,0.0,0.0,PASS,
feng-shui,natal-period-4-facing-xun,water_northeast,exact,9,9,0.0,0.0,PASS,
feng-shui,natal-period-4-facing-xun,water_south,exact,8,8,0.0,0.0,PASS,
feng-shui,natal-period-4-facing-xun,water_north,exact,7,7,0.0,0.0,PASS,
feng-shui,natal-period-4-facing-xun,water_southwest,exact,6,6,0.0,0.0,PASS,
feng-shui,natal-period-4-facing-xun,water_east,exact,5,5,0.0,0.0,PASS,
feng-shui,natal-period-4-facing-xun,water_southeast,exact,4,4,0.0,0.0,PASS,
feng-shui,natal-period-4-facing-xun,mountain_flight,exact,forward,forward,0.0,0.0,PASS,
feng-shui,natal-period-4-facing-xun,water_flight,exact,reverse,reverse,0.0,0.0,PASS,
feng-shui,natal-period-6-facing-you,period_center,exact,6,6,0.0,0.0,PASS,
feng-shui,natal-period-6-facing-you,period_northwest,exact,7,7,0.0,0.0,PASS,
feng-shui,natal-period-6-facing-you,period_west,exact,8,8,0.0,0.0,PASS,
feng-shui,natal-period-6-facing-you,period_northeast,exact,9,9,0.0,0.0,PASS,
feng-shui,natal-period-6-facing-you,period_south,exact,1,1,0.0,0.0,PASS,
feng-shui,natal-period-6-facing-you,period_north,exact,2,2,0.0,0.0,PASS,
feng-shui,natal-period-6-facing-you,period_southwest,exact,3,3,0.0,0.0,PASS,
feng-shui,natal-period-6-facing-you,period_east,exact,4,4,0.0,0.0,PASS,
feng-shui,natal-period-6-facing-you,period_southeast,exact,5,5,0.0,0.0,PASS,
feng-shui,natal-period-6-facing-you,mountain_center,exact,4,4,0.0,0.0,PASS,
feng-shui,natal-period-6-facing-you,mountain_northwest,exact,5,5,0.0,0.0,PASS,
feng-shui,natal-period-6-facing-you,mountain_west,exact,6,6,0.0,0.0,PASS,
feng-shui,natal-period-6-facing-you,mountain_northeast,exact,7,7,0.0,0.0,PASS,
feng-shui,natal-period-6-facing-you,mountain_south,exact,8,8,0.0,0.0,PASS,
feng-shui,natal-period-6-facing-you,mountain_north,exact,9,9,0.0,0.0,PASS,
feng-shui,natal-period-6-facing-you,mountain_southwest,exact,1,1,0.0,0.0,PASS,
feng-shui,natal-period-6-facing-you,mountain_east,exact,2,2,0.0,0.0,PASS,
feng-shui,natal-period-6-facing-you,mountain_southeast,exact,3,3,0.0,0.0,PASS,
feng-shui,natal-period-6-facing-you,water_center,exact,8,8,0.0,0.0,PASS,
feng-shui,natal-period-6-facing-you,water_northwest,exact,9,9,0.0,0.0,PASS,
feng-shui,natal-period-6-facing-you,water_west,exact,1,1,0.0,0.0,PASS,
feng-shui,natal-period-6-facing-you,water_northeast,exact,2,2,0.0,0.0,PASS,
feng-shui,natal-period-6-facing-you,water_south,exact,3,3,0.0,0.0,PASS,
feng-shui,natal-period-6-facing-you,water_north,exact,4,4,0.0,0.0,PASS,
feng-shui,natal-period-6-facing-you,water_southwest,exact,5,5,0.0,0.0,PASS,
feng-shui,natal-period-6-facing-you,water_east,exact,6,6,0.0,0.0,PASS,
feng-shui,natal-period-6-facing-you,water_southeast,exact,7,7,0.0,0.0,PASS,
feng-shui,natal-period-6-facing-you,mountain_flight,exact,forward,forward,0.0,0.0,PASS,
feng-shui,natal-period-6-facing-you,water_flight,exact,forward,forward,0.0,0.0,PASS,
feng-shui,natal-period-5-facing-ding,period_center,exact,5,5,0.0,0.0,PASS,
feng-shui,natal-period-5-facing-ding,period_northwest,exact,6,6,0.0,0.0,PASS,
feng-shui,natal-period-5-facing-ding,period_west,exact,7,7,0.0,0.0,PASS,
feng-shui,natal-period-5-facing-ding,period_northeast,exact,8,8,0.0,0.0,PASS,
feng-shui,natal-period-5-facing-ding,period_south,exact,9,9,0.0,0.0,PASS,
feng-shui,natal-period-5-facing-ding,period_north,exact,1,1,0.0,0.0,PASS,
feng-shui,natal-period-5-facing-ding,period_southwest,exact,2,2,0.0,0.0,PASS,
feng-shui,natal-period-5-facing-ding,period_east,exact,3,3,0.0,0.0,PASS,
feng-shui,natal-period-5-facing-ding,period_southeast,exact,4,4,0.0,0.0,PASS,
feng-shui,natal-period-5-facing-ding,mountain_center,exact,1,1,0.0,0.0,PASS,
feng-shui,natal-period-5-facing-ding,mountain_northwest,exact,9,9,0.0,0.0,PASS,
feng-shui,natal-period-5-facing-ding,mountain_west,exact,8,8,0.0,0.0,PASS,
feng-shui,natal-period-5-facing-ding,mountain_northeast,exact,7,7,0.0,0.0,PASS,
feng-shui,natal-period-5-facing-ding,mountain_south,exact,6,6,0.0,0.0,PASS,
feng-shui,natal-period-5-facing-ding,mountain_north,exact,5,5,0.0,0.0,PASS,
feng-shui,natal-period-5-facing-ding,mountain_southwest,exact,4,4,0.0,0.0,PASS,
feng-shui,natal-period-5-facing-ding,mountain_east,exact,3,3,0.0,0.0,PASS,
feng-shui,natal-period-5-facing-ding,mountain_southeast,exact,2,2,0.0,0.0,PASS,
feng-shui,natal-period-5-facing-ding,water_center,exact,9,9,0.0,0.0,PASS,
feng-shui,natal-period-5-facing-ding,water_northwest,exact,8,8,0.0,0.0,PASS,
feng-shui,natal-period-5-facing-ding,water_west,exact,7,7,0.0,0.0,PASS,
feng-shui,natal-period-5-facing-ding,water_northeast,exact,6,6,0.0,0.0,PASS,
feng-shui,natal-period-5-facing-ding,water_south,exact,5,5,0.0,0.0,PASS,
feng-shui,natal-period-5-facing-ding,water_north,exact,4,4,0.0,0.0,PASS,
feng-shui,natal-period-5-facing-ding,water_southwest,exact,3,3,0.0,0.0,PASS,
feng-shui,natal-period-5-facing-ding,water_east,exact,2,2,0.0,0.0,PASS,
feng-shui,natal-period-5-facing-ding,water_southeast,exact,1,1,0.0,0.0,PASS,
feng-shui,natal-period-5-facing-ding,mountain_flight,exact,reverse,reverse,0.0,0.0,PASS,
feng-shui,natal-period-5-facing-ding,water_flight,exact,reverse,reverse,0.0,0.0,PASS,
feng-shui,natal-period-1-facing-bing,period_center,exact,1,1,0.0,0.0,PASS,
feng-shui,natal-period-1-facing-bing,period_northwest,exact,2,2,0.0,0.0,PASS,
feng-shui,natal-period-1-facing-bing,period_west,exact,3,3,0.0,0.0,PASS,
feng-shui,natal-period-1-facing-bing,period_northeast,exact,4,4,0.0,0.0,PASS,
feng-shui,natal-period-1-facing-bing,period_south,exact,5,5,0.0,0.0,PASS,
feng-shui,natal-period-1-facing-bing,period_north,exact,6,6,0.0,0.0,PASS,
feng-shui,natal-period-1-facing-bing,period_southwest,exact,7,7,0.0,0.0,PASS,
feng-shui,natal-period-1-facing-bing,period_east,exact,8,8,0.0,0.0,PASS,
feng-shui,natal-period-1-facing-bing,period_southeast,exact,9,9,0.0,0.0,PASS,
feng-shui,natal-period-1-facing-bing,mountain_center,exact,6,6,0.0,0.0,PASS,
feng-shui,natal-period-1-facing-bing,mountain_northwest,exact,5,5,0.0,0.0,PASS,
feng-shui,natal-period-1-facing-bing,mountain_west,exact,4,4,0.0,0.0,PASS,
feng-shui,natal-period-1-facing-bing,mountain_northeast,exact,3,3,0.0,0.0,PASS,
feng-shui,natal-period-1-facing-bing,mountain_south,exact,2,2,0.0,0.0,PASS,
feng-shui,natal-period-1-facing-bing,mountain_north,exact,1,1,0.0,0.0,PASS,
feng-shui,natal-period-1-facing-bing,mountain_southwest,exact,9,9,0.0,0.0,PASS,
feng-shui,natal-period-1-facing-bing,mountain_east,exact,8,8,0.0,0.0,PASS,
feng-shui,natal-period-1-facing-bing,mountain_southeast,exact,7,7,0.0,0.0,PASS,
feng-shui,natal-period-1-facing-bing,water_center,exact,5,5,0.0,0.0,PASS,
feng-shui,natal-period-1-facing-bing,water_northwest,exact,6,6,0.0,0.0,PASS,
feng-shui,natal-period-1-facing-bing,water_west,exact,7,7,0.0,0.0,PASS,
feng-shui,natal-period-1-facing-bing,water_northeast,exact,8,8,0.0,0.0,PASS,
feng-shui,natal-period-1-facing-bing,water_south,exact,9,9,0.0,0.0,PASS,
feng-shui,natal-period-1-facing-bing,water_north,exact,1,1,0.0,0.0,PASS,
feng-shui,natal-period-1-facing-bing,water_southwest,exact,2,2,0.0,0.0,PASS,
feng-shui,natal-period-1-facing-bing,water_east,exact,3,3,0.0,0.0,PASS,
feng-shui,natal-period-1-facing-bing,water_southeast,exact,4,4,0.0,0.0,PASS,
feng-shui,natal-period-1-facing-bing,mountain_flight,exact,reverse,reverse,0.0,0.0,PASS,
feng-shui,natal-period-1-facing-bing,water_flight,exact,forward,forward,0.0,0.0,PASS,
mesoamerican-calendar,creation-era,long_count,exact,13.0.0.0.0,13.0.0.0.0,0.0,0.0,PASS,
mesoamerican-calendar,creation-era,days_since_epoch,days,1872000,1872000,0.0,0.0,PASS,
mesoamerican-calendar,creation-era,julian_day_number,days,2456283,2456283,0.0,0.0,PASS,
mesoamerican-calendar,creation-era,tzolkin_sign,exact,ajaw,ajaw,0.0,0.0,PASS,
mesoamerican-calendar,creation-era,tzolkin_number,exact,4,4,0.0,0.0,PASS,
mesoamerican-calendar,creation-era,haab_month,exact,kankin,kankin,0.0,0.0,PASS,
mesoamerican-calendar,creation-era,haab_day,exact,3,3,0.0,0.0,PASS,
mesoamerican-calendar,day-before-creation-era,long_count,exact,12.19.19.17.19,12.19.19.17.19,0.0,0.0,PASS,
mesoamerican-calendar,day-before-creation-era,days_since_epoch,days,1871999,1871999,0.0,0.0,PASS,
mesoamerican-calendar,day-before-creation-era,julian_day_number,days,2456282,2456282,0.0,0.0,PASS,
mesoamerican-calendar,day-before-creation-era,tzolkin_sign,exact,kawak,kawak,0.0,0.0,PASS,
mesoamerican-calendar,day-before-creation-era,tzolkin_number,exact,3,3,0.0,0.0,PASS,
mesoamerican-calendar,day-before-creation-era,haab_month,exact,kankin,kankin,0.0,0.0,PASS,
mesoamerican-calendar,day-before-creation-era,haab_day,exact,2,2,0.0,0.0,PASS,
mesoamerican-calendar,millennium,long_count,exact,12.19.6.15.2,12.19.6.15.2,0.0,0.0,PASS,
mesoamerican-calendar,millennium,days_since_epoch,days,1867262,1867262,0.0,0.0,PASS,
mesoamerican-calendar,millennium,julian_day_number,days,2451545,2451545,0.0,0.0,PASS,
mesoamerican-calendar,millennium,tzolkin_sign,exact,ik,ik,0.0,0.0,PASS,
mesoamerican-calendar,millennium,tzolkin_number,exact,11,11,0.0,0.0,PASS,
mesoamerican-calendar,millennium,haab_month,exact,kankin,kankin,0.0,0.0,PASS,
mesoamerican-calendar,millennium,haab_day,exact,10,10,0.0,0.0,PASS,
mesoamerican-calendar,obama-birth,long_count,exact,12.17.7.15.13,12.17.7.15.13,0.0,0.0,PASS,
mesoamerican-calendar,obama-birth,days_since_epoch,days,1853233,1853233,0.0,0.0,PASS,
mesoamerican-calendar,obama-birth,julian_day_number,days,2437516,2437516,0.0,0.0,PASS,
mesoamerican-calendar,obama-birth,tzolkin_sign,exact,ben,ben,0.0,0.0,PASS,
mesoamerican-calendar,obama-birth,tzolkin_number,exact,9,9,0.0,0.0,PASS,
mesoamerican-calendar,obama-birth,haab_month,exact,xul,xul,0.0,0.0,PASS,
mesoamerican-calendar,obama-birth,haab_day,exact,11,11,0.0,0.0,PASS,
mesoamerican-calendar,einstein-birth,long_count,exact,12.13.4.5.0,12.13.4.5.0,0.0,0.0,PASS,
mesoamerican-calendar,einstein-birth,days_since_epoch,days,1823140,1823140,0.0,0.0,PASS,
mesoamerican-calendar,einstein-birth,julian_day_number,days,2407423,2407423,0.0,0.0,PASS,
mesoamerican-calendar,einstein-birth,tzolkin_sign,exact,ajaw,ajaw,0.0,0.0,PASS,
mesoamerican-calendar,einstein-birth,tzolkin_number,exact,11,11,0.0,0.0,PASS,
mesoamerican-calendar,einstein-birth,haab_month,exact,pax,pax,0.0,0.0,PASS,
mesoamerican-calendar,einstein-birth,haab_day,exact,13,13,0.0,0.0,PASS,
mesoamerican-calendar,wayeb-day,long_count,exact,12.19.7.1.14,12.19.7.1.14,0.0,0.0,PASS,
mesoamerican-calendar,wayeb-day,days_since_epoch,days,1867354,1867354,0.0,0.0,PASS,
mesoamerican-calendar,wayeb-day,julian_day_number,days,2451637,2451637,0.0,0.0,PASS,
mesoamerican-calendar,wayeb-day,tzolkin_sign,exact,ix,ix,0.0,0.0,PASS,
mesoamerican-calendar,wayeb-day,tzolkin_number,exact,12,12,0.0,0.0,PASS,
mesoamerican-calendar,wayeb-day,haab_month,exact,wayeb,wayeb,0.0,0.0,PASS,
mesoamerican-calendar,wayeb-day,haab_day,exact,2,2,0.0,0.0,PASS,
mesoamerican-calendar,classic-era,long_count,exact,9.8.6.8.3,9.8.6.8.3,0.0,0.0,PASS,
mesoamerican-calendar,classic-era,days_since_epoch,days,1355923,1355923,0.0,0.0,PASS,
mesoamerican-calendar,classic-era,julian_day_number,days,1940206,1940206,0.0,0.0,PASS,
mesoamerican-calendar,classic-era,tzolkin_sign,exact,akbal,akbal,0.0,0.0,PASS,
mesoamerican-calendar,classic-era,tzolkin_number,exact,1,1,0.0,0.0,PASS,
mesoamerican-calendar,classic-era,haab_month,exact,muwan,muwan,0.0,0.0,PASS,
mesoamerican-calendar,classic-era,haab_day,exact,16,16,0.0,0.0,PASS,
mesoamerican-calendar,pre-reform,long_count,exact,10.8.12.5.0,10.8.12.5.0,0.0,0.0,PASS,
mesoamerican-calendar,pre-reform,days_since_epoch,days,1502020,1502020,0.0,0.0,PASS,
mesoamerican-calendar,pre-reform,julian_day_number,days,2086303,2086303,0.0,0.0,PASS,
mesoamerican-calendar,pre-reform,tzolkin_sign,exact,ajaw,ajaw,0.0,0.0,PASS,
mesoamerican-calendar,pre-reform,tzolkin_number,exact,4,4,0.0,0.0,PASS,
mesoamerican-calendar,pre-reform,haab_month,exact,wo,wo,0.0,0.0,PASS,
mesoamerican-calendar,pre-reform,haab_day,exact,8,8,0.0,0.0,PASS,
vastu,east-start-corner,side,exact,East,East,0.0,0.0,PASS,
vastu,east-start-corner,ordinal_on_side,exact,1,1,0.0,0.0,PASS,
vastu,east-start-corner,pada,exact,1,1,0.0,0.0,PASS,
vastu,east-start-corner,square,exact,1,1,0.0,0.0,PASS,
vastu,east-start-corner,effect_category,exact,harm,harm,0.0,0.0,PASS,
vastu,east-boundary-before,side,exact,East,East,0.0,0.0,PASS,
vastu,east-boundary-before,ordinal_on_side,exact,1,1,0.0,0.0,PASS,
vastu,east-boundary-before,pada,exact,1,1,0.0,0.0,PASS,
vastu,east-boundary-before,square,exact,1,1,0.0,0.0,PASS,
vastu,east-boundary-before,effect_category,exact,harm,harm,0.0,0.0,PASS,
vastu,east-boundary-on,side,exact,East,East,0.0,0.0,PASS,
vastu,east-boundary-on,ordinal_on_side,exact,2,2,0.0,0.0,PASS,
vastu,east-boundary-on,pada,exact,2,2,0.0,0.0,PASS,
vastu,east-boundary-on,square,exact,2,2,0.0,0.0,PASS,
vastu,east-boundary-on,effect_category,exact,mixed,mixed,0.0,0.0,PASS,
vastu,east-boundary-past,side,exact,East,East,0.0,0.0,PASS,
vastu,east-boundary-past,ordinal_on_side,exact,2,2,0.0,0.0,PASS,
vastu,east-boundary-past,pada,exact,2,2,0.0,0.0,PASS,
vastu,east-boundary-past,square,exact,2,2,0.0,0.0,PASS,
vastu,east-boundary-past,effect_category,exact,mixed,mixed,0.0,0.0,PASS,
vastu,south-boundary-before,side,exact,South,South,0.0,0.0,PASS,
vastu,south-boundary-before,ordinal_on_side,exact,4,4,0.0,0.0,PASS,
vastu,south-boundary-before,pada,exact,12,12,0.0,0.0,PASS,
vastu,south-boundary-before,square,exact,36,36,0.0,0.0,PASS,
vastu,south-boundary-on,side,exact,South,South,0.0,0.0,PASS,
vastu,south-boundary-on,ordinal_on_side,exact,5,5,0.0,0.0,PASS,
vastu,south-boundary-on,pada,exact,13,13,0.0,0.0,PASS,
vastu,south-boundary-on,square,exact,45,45,0.0,0.0,PASS,
vastu,south-boundary-on,effect_category,exact,harm,harm,0.0,0.0,PASS,
vastu,south-boundary-past,side,exact,South,South,0.0,0.0,PASS,
vastu,south-boundary-past,ordinal_on_side,exact,5,5,0.0,0.0,PASS,
vastu,south-boundary-past,pada,exact,13,13,0.0,0.0,PASS,
vastu,south-boundary-past,square,exact,45,45,0.0,0.0,PASS,
vastu,south-boundary-past,effect_category,exact,harm,harm,0.0,0.0,PASS,
vastu,south-mid-pada,side,exact,South,South,0.0,0.0,PASS,
vastu,south-mid-pada,ordinal_on_side,exact,6,6,0.0,0.0,PASS,
vastu,south-mid-pada,pada,exact,14,14,0.0,0.0,PASS,
vastu,south-mid-pada,square,exact,54,54,0.0,0.0,PASS,
vastu,south-mid-pada,effect_category,exact,harm,harm,0.0,0.0,PASS,
vastu,west-boundary-before,side,exact,West,West,0.0,0.0,PASS,
vastu,west-boundary-before,ordinal_on_side,exact,7,7,0.0,0.0,PASS,
vastu,west-boundary-before,pada,exact,23,23,0.0,0.0,PASS,
vastu,west-boundary-before,square,exact,75,75,0.0,0.0,PASS,
vastu,west-boundary-before,effect_category,exact,harm,harm,0.0,0.0,PASS,
vastu,west-boundary-on,side,exact,West,West,0.0,0.0,PASS,
vastu,west-boundary-on,ordinal_on_side,exact,8,8,0.0,0.0,PASS,
vastu,west-boundary-on,pada,exact,24,24,0.0,0.0,PASS,
vastu,west-boundary-on,square,exact,74,74,0.0,0.0,PASS,
vastu,west-boundary-on,effect_category,exact,harm,harm,0.0,0.0,PASS,
vastu,west-far-end,side,exact,West,West,0.0,0.0,PASS,
vastu,west-far-end,ordinal_on_side,exact,8,8,0.0,0.0,PASS,
vastu,west-far-end,pada,exact,24,24,0.0,0.0,PASS,
vastu,west-far-end,square,exact,74,74,0.0,0.0,PASS,
vastu,west-far-end,effect_category,exact,harm,harm,0.0,0.0,PASS,
vastu,west-edge-of-sector,side,exact,West,West,0.0,0.0,PASS,
vastu,west-edge-of-sector,ordinal_on_side,exact,1,1,0.0,0.0,PASS,
vastu,west-edge-of-sector,pada,exact,17,17,0.0,0.0,PASS,
vastu,west-edge-of-sector,square,exact,81,81,0.0,0.0,PASS,
vastu,west-edge-of-sector,effect_category,exact,harm,harm,0.0,0.0,PASS,
vastu,north-boundary-before,side,exact,North,North,0.0,0.0,PASS,
vastu,north-boundary-before,ordinal_on_side,exact,2,2,0.0,0.0,PASS,
vastu,north-boundary-before,pada,exact,26,26,0.0,0.0,PASS,
vastu,north-boundary-before,square,exact,64,64,0.0,0.0,PASS,
vastu,north-boundary-before,effect_category,exact,harm,harm,0.0,0.0,PASS,
vastu,north-boundary-on,side,exact,North,North,0.0,0.0,PASS,
vastu,north-boundary-on,ordinal_on_side,exact,3,3,0.0,0.0,PASS,
vastu,north-boundary-on,pada,exact,27,27,0.0,0.0,PASS,
vastu,north-boundary-on,square,exact,55,55,0.0,0.0,PASS,
vastu,north-boundary-on,effect_category,exact,gain,gain,0.0,0.0,PASS,
vastu,north-boundary-past,side,exact,North,North,0.0,0.0,PASS,
vastu,north-boundary-past,ordinal_on_side,exact,3,3,0.0,0.0,PASS,
vastu,north-boundary-past,pada,exact,27,27,0.0,0.0,PASS,
vastu,north-boundary-past,square,exact,55,55,0.0,0.0,PASS,
vastu,north-boundary-past,effect_category,exact,gain,gain,0.0,0.0,PASS,
vastu,north-edge-of-sector,side,exact,North,North,0.0,0.0,PASS,
vastu,north-edge-of-sector,ordinal_on_side,exact,8,8,0.0,0.0,PASS,
vastu,north-edge-of-sector,pada,exact,32,32,0.0,0.0,PASS,
vastu,north-edge-of-sector,square,exact,10,10,0.0,0.0,PASS,
vastu,north-edge-of-sector,effect_category,exact,harm,harm,0.0,0.0,PASS,
vastu,door-northeast-corner-square,side,exact,East,East,0.0,0.0,PASS,
vastu,door-northeast-corner-square,ordinal_on_side,exact,1,1,0.0,0.0,PASS,
vastu,door-northeast-corner-square,pada,exact,1,1,0.0,0.0,PASS,
vastu,door-northeast-corner-square,square,exact,1,1,0.0,0.0,PASS,
vastu,door-northeast-corner-square,effect_category,exact,harm,harm,0.0,0.0,PASS,
vastu,door-corner-square-belongs-south,side,exact,South,South,0.0,0.0,PASS,
vastu,door-corner-square-belongs-south,ordinal_on_side,exact,1,1,0.0,0.0,PASS,
vastu,door-corner-square-belongs-south,pada,exact,9,9,0.0,0.0,PASS,
vastu,door-corner-square-belongs-south,square,exact,9,9,0.0,0.0,PASS,
vastu,door-corner-square-belongs-south,effect_category,exact,harm,harm,0.0,0.0,PASS,
vastu,door-corner-square-belongs-west,side,exact,West,West,0.0,0.0,PASS,
vastu,door-corner-square-belongs-west,ordinal_on_side,exact,1,1,0.0,0.0,PASS,
vastu,door-corner-square-belongs-west,pada,exact,17,17,0.0,0.0,PASS,
vastu,door-corner-square-belongs-west,square,exact,81,81,0.0,0.0,PASS,
vastu,door-corner-square-belongs-west,effect_category,exact,harm,harm,0.0,0.0,PASS,
vastu,door-corner-square-belongs-north,side,exact,North,North,0.0,0.0,PASS,
vastu,door-corner-square-belongs-north,ordinal_on_side,exact,1,1,0.0,0.0,PASS,
vastu,door-corner-square-belongs-north,pada,exact,25,25,0.0,0.0,PASS,
vastu,door-corner-square-belongs-north,square,exact,73,73,0.0,0.0,PASS,
vastu,door-east-fourth-square,side,exact,East,East,0.0,0.0,PASS,
vastu,door-east-fourth-square,ordinal_on_side,exact,4,4,0.0,0.0,PASS,
vastu,door-east-fourth-square,pada,exact,4,4,0.0,0.0,PASS,
vastu,door-east-fourth-square,square,exact,4,4,0.0,0.0,PASS,
vastu,door-east-fourth-square,effect_category,exact,gain,gain,0.0,0.0,PASS,
vastu,door-south-middle-square,side,exact,South,South,0.0,0.0,PASS,
vastu,door-south-middle-square,ordinal_on_side,exact,5,5,0.0,0.0,PASS,
vastu,door-south-middle-square,pada,exact,13,13,0.0,0.0,PASS,
vastu,door-south-middle-square,square,exact,45,45,0.0,0.0,PASS,
vastu,door-south-middle-square,effect_category,exact,harm,harm,0.0,0.0,PASS,
vastu,door-north-last-square,side,exact,North,North,0.0,0.0,PASS,
vastu,door-north-last-square,ordinal_on_side,exact,8,8,0.0,0.0,PASS,
vastu,door-north-last-square,pada,exact,32,32,0.0,0.0,PASS,
vastu,door-north-last-square,square,exact,10,10,0.0,0.0,PASS,
vastu,door-north-last-square,effect_category,exact,harm,harm,0.0,0.0,PASS,
vastu,door-decides-the-side,side,exact,South,South,0.0,0.0,PASS,
vastu,door-decides-the-side,ordinal_on_side,exact,5,5,0.0,0.0,PASS,
vastu,door-decides-the-side,pada,exact,13,13,0.0,0.0,PASS,
vastu,door-decides-the-side,square,exact,45,45,0.0,0.0,PASS,
vastu,door-decides-the-side,effect_category,exact,harm,harm,0.0,0.0,PASS,
numerology,master-life-path,life_path,exact,11,11,0.0,0.0,PASS,
numerology,master-life-path,expression,exact,11,11,0.0,0.0,PASS,
numerology,master-life-path,soul_urge,exact,11,11,0.0,0.0,PASS,
numerology,through-19,life_path,exact,3,3,0.0,0.0,PASS,
numerology,through-19,expression,exact,4,4,0.0,0.0,PASS,
numerology,through-19,soul_urge,exact,9,9,0.0,0.0,PASS,
numerology,parts-not-straight-sum,life_path,exact,6,6,0.0,0.0,PASS,
numerology,parts-not-straight-sum,expression,exact,9,9,0.0,0.0,PASS,
numerology,parts-not-straight-sum,soul_urge,exact,7,7,0.0,0.0,PASS,
numerology,name-with-y,life_path,exact,7,7,0.0,0.0,PASS,
numerology,name-with-y,expression,exact,8,8,0.0,0.0,PASS,
numerology,name-with-y,soul_urge,exact,9,9,0.0,0.0,PASS,
numerology,hyphen-and-apostrophe,life_path,exact,9,9,0.0,0.0,PASS,
numerology,hyphen-and-apostrophe,expression,exact,4,4,0.0,0.0,PASS,
numerology,hyphen-and-apostrophe,soul_urge,exact,9,9,0.0,0.0,PASS,
numerology,master-expression,life_path,exact,1,1,0.0,0.0,PASS,
numerology,master-expression,expression,exact,33,33,0.0,0.0,PASS,
numerology,master-expression,soul_urge,exact,5,5,0.0,0.0,PASS,
numerology,master-soul-urge,life_path,exact,2,2,0.0,0.0,PASS,
numerology,master-soul-urge,expression,exact,6,6,0.0,0.0,PASS,
numerology,master-soul-urge,soul_urge,exact,22,22,0.0,0.0,PASS,
kabbalah,shalom,mispar_hechrachi,exact,376,376,0.0,0.0,PASS,
kabbalah,shalom,mispar_gadol,exact,936,936,0.0,0.0,PASS,
kabbalah,wine,mispar_hechrachi,exact,70,70,0.0,0.0,PASS,
kabbalah,wine,mispar_gadol,exact,720,720,0.0,0.0,PASS,
kabbalah,secret,mispar_hechrachi,exact,70,70,0.0,0.0,PASS,
kabbalah,secret,mispar_gadol,exact,70,70,0.0,0.0,PASS,
kabbalah,life,mispar_hechrachi,exact,18,18,0.0,0.0,PASS,
kabbalah,life,mispar_gadol,exact,18,18,0.0,0.0,PASS,
kabbalah,truth,mispar_hechrachi,exact,441,441,0.0,0.0,PASS,
kabbalah,truth,mispar_gadol,exact,441,441,0.0,0.0,PASS,
kabbalah,king,mispar_hechrachi,exact,90,90,0.0,0.0,PASS,
kabbalah,king,mispar_gadol,exact,570,570,0.0,0.0,PASS,
kabbalah,land,mispar_hechrachi,exact,291,291,0.0,0.0,PASS,
kabbalah,land,mispar_gadol,exact,1101,1101,0.0,0.0,PASS,
kabbalah,the-adversary,mispar_hechrachi,exact,364,364,0.0,0.0,PASS,
kabbalah,the-adversary,mispar_gadol,exact,1014,1014,0.0,0.0,PASS,
kabbalah,mouth,mispar_hechrachi,exact,85,85,0.0,0.0,PASS,
kabbalah,mouth,mispar_gadol,exact,85,85,0.0,0.0,PASS,
kabbalah,final-pe,mispar_hechrachi,exact,100,100,0.0,0.0,PASS,
kabbalah,final-pe,mispar_gadol,exact,820,820,0.0,0.0,PASS,
kabbalah,rosh-hashanah-5786,hebrew_year,exact,5786,5786,0.0,0.0,PASS,
kabbalah,rosh-hashanah-5786,month_number,exact,7,7,0.0,0.0,PASS,
kabbalah,rosh-hashanah-5786,day,exact,1,1,0.0,0.0,PASS,
kabbalah,rosh-hashanah-5786,leap_year,exact,False,False,0.0,0.0,PASS,
kabbalah,eve-of-rosh-hashanah,hebrew_year,exact,5785,5785,0.0,0.0,PASS,
kabbalah,eve-of-rosh-hashanah,month_number,exact,6,6,0.0,0.0,PASS,
kabbalah,eve-of-rosh-hashanah,day,exact,29,29,0.0,0.0,PASS,
kabbalah,eve-of-rosh-hashanah,leap_year,exact,False,False,0.0,0.0,PASS,
kabbalah,after-sunset-eve,hebrew_year,exact,5786,5786,0.0,0.0,PASS,
kabbalah,after-sunset-eve,month_number,exact,7,7,0.0,0.0,PASS,
kabbalah,after-sunset-eve,day,exact,1,1,0.0,0.0,PASS,
kabbalah,after-sunset-eve,leap_year,exact,False,False,0.0,0.0,PASS,
kabbalah,rosh-hashanah-5787,hebrew_year,exact,5787,5787,0.0,0.0,PASS,
kabbalah,rosh-hashanah-5787,month_number,exact,7,7,0.0,0.0,PASS,
kabbalah,rosh-hashanah-5787,day,exact,1,1,0.0,0.0,PASS,
kabbalah,rosh-hashanah-5787,leap_year,exact,True,True,0.0,0.0,PASS,
kabbalah,shevat-end,hebrew_year,exact,5784,5784,0.0,0.0,PASS,
kabbalah,shevat-end,month_number,exact,11,11,0.0,0.0,PASS,
kabbalah,shevat-end,day,exact,30,30,0.0,0.0,PASS,
kabbalah,shevat-end,leap_year,exact,True,True,0.0,0.0,PASS,
kabbalah,adar-i-start,hebrew_year,exact,5784,5784,0.0,0.0,PASS,
kabbalah,adar-i-start,month_number,exact,12,12,0.0,0.0,PASS,
kabbalah,adar-i-start,day,exact,1,1,0.0,0.0,PASS,
kabbalah,adar-i-start,leap_year,exact,True,True,0.0,0.0,PASS,
kabbalah,adar-i-end,hebrew_year,exact,5784,5784,0.0,0.0,PASS,
kabbalah,adar-i-end,month_number,exact,12,12,0.0,0.0,PASS,
kabbalah,adar-i-end,day,exact,30,30,0.0,0.0,PASS,
kabbalah,adar-i-end,leap_year,exact,True,True,0.0,0.0,PASS,
kabbalah,adar-ii-start,hebrew_year,exact,5784,5784,0.0,0.0,PASS,
kabbalah,adar-ii-start,month_number,exact,13,13,0.0,0.0,PASS,
kabbalah,adar-ii-start,day,exact,1,1,0.0,0.0,PASS,
kabbalah,adar-ii-start,leap_year,exact,True,True,0.0,0.0,PASS,
kabbalah,nisan-start,hebrew_year,exact,5784,5784,0.0,0.0,PASS,
kabbalah,nisan-start,month_number,exact,1,1,0.0,0.0,PASS,
kabbalah,nisan-start,day,exact,1,1,0.0,0.0,PASS,
kabbalah,nisan-start,leap_year,exact,True,True,0.0,0.0,PASS,
kabbalah,plain-adar,hebrew_year,exact,5785,5785,0.0,0.0,PASS,
kabbalah,plain-adar,month_number,exact,12,12,0.0,0.0,PASS,
kabbalah,plain-adar,day,exact,10,10,0.0,0.0,PASS,
kabbalah,plain-adar,leap_year,exact,False,False,0.0,0.0,PASS,
kabbalah,mid-year,hebrew_year,exact,5750,5750,0.0,0.0,PASS,
kabbalah,mid-year,month_number,exact,3,3,0.0,0.0,PASS,
kabbalah,mid-year,day,exact,22,22,0.0,0.0,PASS,
kabbalah,mid-year,leap_year,exact,False,False,0.0,0.0,PASS,
kabbalah,early-modern,hebrew_year,exact,5460,5460,0.0,0.0,PASS,
kabbalah,early-modern,month_number,exact,10,10,0.0,0.0,PASS,
kabbalah,early-modern,day,exact,10,10,0.0,0.0,PASS,
kabbalah,early-modern,leap_year,exact,False,False,0.0,0.0,PASS,
kabbalah,year-before-reform,hebrew_year,exact,5343,5343,0.0,0.0,PASS,
kabbalah,year-before-reform,month_number,exact,7,7,0.0,0.0,PASS,
kabbalah,year-before-reform,day,exact,8,8,0.0,0.0,PASS,
kabbalah,year-before-reform,leap_year,exact,False,False,0.0,0.0,PASS,
biorhythm,birth-day,days_since_birth,days,0,0,0.0,0.0,PASS,
biorhythm,birth-day,physical_percent,exact,0,0,0.0,0.0,PASS,
biorhythm,birth-day,physical_raw,exact,0.0000,0.0000,0.0,0.0,PASS,
biorhythm,birth-day,emotional_percent,exact,0,0,0.0,0.0,PASS,
biorhythm,birth-day,emotional_raw,exact,0.0000,0.0000,0.0,0.0,PASS,
biorhythm,birth-day,intellectual_percent,exact,0,0,0.0,0.0,PASS,
biorhythm,birth-day,intellectual_raw,exact,0.0000,0.0000,0.0,0.0,PASS,
biorhythm,before-anniversary,days_since_birth,days,13053,13053,0.0,0.0,PASS,
biorhythm,before-anniversary,physical_percent,exact,-14,-14,0.0,0.0,PASS,
biorhythm,before-anniversary,physical_raw,exact,-0.1362,-0.1362,0.0,0.0,PASS,
biorhythm,before-anniversary,emotional_percent,exact,90,90,0.0,0.0,PASS,
biorhythm,before-anniversary,emotional_raw,exact,0.9010,0.9010,0.0,0.0,PASS,
biorhythm,before-anniversary,intellectual_percent,exact,-28,-28,0.0,0.0,PASS,
biorhythm,before-anniversary,intellectual_raw,exact,-0.2817,-0.2817,0.0,0.0,PASS,
biorhythm,on-anniversary,days_since_birth,days,13149,13149,0.0,0.0,PASS,
biorhythm,on-anniversary,physical_percent,exact,-94,-94,0.0,0.0,PASS,
biorhythm,on-anniversary,physical_raw,exact,-0.9423,-0.9423,0.0,0.0,PASS,
biorhythm,on-anniversary,emotional_percent,exact,-62,-62,0.0,0.0,PASS,
biorhythm,on-anniversary,emotional_raw,exact,-0.6235,-0.6235,0.0,0.0,PASS,
biorhythm,on-anniversary,intellectual_percent,exact,28,28,0.0,0.0,PASS,
biorhythm,on-anniversary,intellectual_raw,exact,0.2817,0.2817,0.0,0.0,PASS,
biorhythm,leap-day-birth,days_since_birth,days,9132,9132,0.0,0.0,PASS,
biorhythm,leap-day-birth,physical_percent,exact,27,27,0.0,0.0,PASS,
biorhythm,leap-day-birth,physical_raw,exact,0.2698,0.2698,0.0,0.0,PASS,
biorhythm,leap-day-birth,emotional_percent,exact,78,78,0.0,0.0,PASS,
biorhythm,leap-day-birth,emotional_raw,exact,0.7818,0.7818,0.0,0.0,PASS,
biorhythm,leap-day-birth,intellectual_percent,exact,-99,-99,0.0,0.0,PASS,
biorhythm,leap-day-birth,intellectual_raw,exact,-0.9898,-0.9898,0.0,0.0,PASS,
biorhythm,leap-day-span,days_since_birth,days,8766,8766,0.0,0.0,PASS,
biorhythm,leap-day-span,physical_percent,exact,73,73,0.0,0.0,PASS,
biorhythm,leap-day-span,physical_raw,exact,0.7308,0.7308,0.0,0.0,PASS,
biorhythm,leap-day-span,emotional_percent,exact,43,43,0.0,0.0,PASS,
biorhythm,leap-day-span,emotional_raw,exact,0.4339,0.4339,0.0,0.0,PASS,
biorhythm,leap-day-span,intellectual_percent,exact,-76,-76,0.0,0.0,PASS,
biorhythm,leap-day-span,intellectual_raw,exact,-0.7557,-0.7557,0.0,0.0,PASS,
biorhythm,across-leap-day,days_since_birth,days,61,61,0.0,0.0,PASS,
biorhythm,across-leap-day,physical_percent,exact,-82,-82,0.0,0.0,PASS,
biorhythm,across-leap-day,physical_raw,exact,-0.8170,-0.8170,0.0,0.0,PASS,
biorhythm,across-leap-day,emotional_percent,exact,90,90,0.0,0.0,PASS,
biorhythm,across-leap-day,emotional_raw,exact,0.9010,0.9010,0.0,0.0,PASS,
biorhythm,across-leap-day,intellectual_percent,exact,-81,-81,0.0,0.0,PASS,
biorhythm,across-leap-day,intellectual_raw,exact,-0.8146,-0.8146,0.0,0.0,PASS,
biorhythm,long-span,days_since_birth,days,35337,35337,0.0,0.0,PASS,
biorhythm,long-span,physical_percent,exact,63,63,0.0,0.0,PASS,
biorhythm,long-span,physical_raw,exact,0.6311,0.6311,0.0,0.0,PASS,
biorhythm,long-span,emotional_percent,exact,22,22,0.0,0.0,PASS,
biorhythm,long-span,emotional_raw,exact,0.2225,0.2225,0.0,0.0,PASS,
biorhythm,long-span,intellectual_percent,exact,-91,-91,0.0,0.0,PASS,
biorhythm,long-span,intellectual_raw,exact,-0.9096,-0.9096,0.0,0.0,PASS,
biorhythm,century-span,days_since_birth,days,36465,36465,0.0,0.0,PASS,
biorhythm,century-span,physical_percent,exact,40,40,0.0,0.0,PASS,
biorhythm,century-span,physical_raw,exact,0.3984,0.3984,0.0,0.0,PASS,
biorhythm,century-span,emotional_percent,exact,90,90,0.0,0.0,PASS,
biorhythm,century-span,emotional_raw,exact,0.9010,0.9010,0.0,0.0,PASS,
biorhythm,century-span,intellectual_percent,exact,0,0,0.0,0.0,PASS,
biorhythm,century-span,intellectual_raw,exact,0.0000,0.0000,0.0,0.0,PASS,
biorhythm,elderly-birth,days_since_birth,days,29337,29337,0.0,0.0,PASS,
biorhythm,elderly-birth,physical_percent,exact,-14,-14,0.0,0.0,PASS,
biorhythm,elderly-birth,physical_raw,exact,-0.1362,-0.1362,0.0,0.0,PASS,
biorhythm,elderly-birth,emotional_percent,exact,-100,-100,0.0,0.0,PASS,
biorhythm,elderly-birth,emotional_raw,exact,-1.0000,-1.0000,0.0,0.0,PASS,
biorhythm,elderly-birth,intellectual_percent,exact,0,0,0.0,0.0,PASS,
biorhythm,elderly-birth,intellectual_raw,exact,0.0000,0.0000,0.0,0.0,PASS,
biorhythm,triple-return,days_since_birth,days,21252,21252,0.0,0.0,PASS,
biorhythm,triple-return,physical_percent,exact,0,0,0.0,0.0,PASS,
biorhythm,triple-return,physical_raw,exact,0.0000,0.0000,0.0,0.0,PASS,
biorhythm,triple-return,emotional_percent,exact,0,0,0.0,0.0,PASS,
biorhythm,triple-return,emotional_raw,exact,0.0000,0.0000,0.0,0.0,PASS,
biorhythm,triple-return,intellectual_percent,exact,0,0,0.0,0.0,PASS,
biorhythm,triple-return,intellectual_raw,exact,0.0000,0.0000,0.0,0.0,PASS,
ayurveda,hemanta-sisira-before,ritu,exact,hemanta,hemanta,0.0,0.0,PASS,
ayurveda,hemanta-sisira-before,ritu start,seconds,2025-10-23T03:50:56.586+00:00,2025-10-23T03:50:55.000Z,1.586,60.0,PASS,
ayurveda,hemanta-sisira-before,ritu end,seconds,2025-12-21T15:03:06.254+00:00,2025-12-21T15:03:05.000Z,1.254,60.0,PASS,
ayurveda,hemanta-sisira-after,ritu,exact,sisira,sisira,0.0,0.0,PASS,
ayurveda,hemanta-sisira-after,ritu start,seconds,2025-12-21T15:03:06.254+00:00,2025-12-21T15:03:05.000Z,1.254,60.0,PASS,
ayurveda,hemanta-sisira-after,ritu end,seconds,2026-02-18T15:51:56.607+00:00,2026-02-18T15:51:56.000Z,0.607,60.0,PASS,
ayurveda,sisira-vasanta-before,ritu,exact,sisira,sisira,0.0,0.0,PASS,
ayurveda,sisira-vasanta-before,ritu start,seconds,2025-12-21T15:03:06.254+00:00,2025-12-21T15:03:05.000Z,1.254,60.0,PASS,
ayurveda,sisira-vasanta-before,ritu end,seconds,2026-02-18T15:51:56.607+00:00,2026-02-18T15:51:56.000Z,0.607,60.0,PASS,
ayurveda,sisira-vasanta-after,ritu,exact,vasanta,vasanta,0.0,0.0,PASS,
ayurveda,sisira-vasanta-after,ritu start,seconds,2026-02-18T15:51:56.607+00:00,2026-02-18T15:51:56.000Z,0.607,60.0,PASS,
ayurveda,sisira-vasanta-after,ritu end,seconds,2026-04-20T01:39:07.662+00:00,2026-04-20T01:39:06.000Z,1.662,60.0,PASS,
ayurveda,vasanta-grisma-before,ritu,exact,vasanta,vasanta,0.0,0.0,PASS,
ayurveda,vasanta-grisma-before,ritu start,seconds,2026-02-18T15:51:56.607+00:00,2026-02-18T15:51:56.000Z,0.607,60.0,PASS,
ayurveda,vasanta-grisma-before,ritu end,seconds,2026-04-20T01:39:07.662+00:00,2026-04-20T01:39:06.000Z,1.662,60.0,PASS,
ayurveda,vasanta-grisma-after,ritu,exact,grisma,grisma,0.0,0.0,PASS,
ayurveda,vasanta-grisma-after,ritu start,seconds,2026-04-20T01:39:07.662+00:00,2026-04-20T01:39:06.000Z,1.662,60.0,PASS,
ayurveda,vasanta-grisma-after,ritu end,seconds,2026-06-21T08:24:31.510+00:00,2026-06-21T08:24:30.000Z,1.51,60.0,PASS,
ayurveda,grisma-varsa-before,ritu,exact,grisma,grisma,0.0,0.0,PASS,
ayurveda,grisma-varsa-before,ritu start,seconds,2026-04-20T01:39:07.662+00:00,2026-04-20T01:39:06.000Z,1.662,60.0,PASS,
ayurveda,grisma-varsa-before,ritu end,seconds,2026-06-21T08:24:31.510+00:00,2026-06-21T08:24:30.000Z,1.51,60.0,PASS,
ayurveda,grisma-varsa-after,ritu,exact,varsa,varsa,0.0,0.0,PASS,
ayurveda,grisma-varsa-after,ritu start,seconds,2026-06-21T08:24:31.510+00:00,2026-06-21T08:24:30.000Z,1.51,60.0,PASS,
ayurveda,grisma-varsa-after,ritu end,seconds,2026-08-23T02:18:49.594+00:00,2026-08-23T02:18:48.000Z,1.594,60.0,PASS,
ayurveda,sarad-hemanta-before,ritu,exact,sarad,sarad,0.0,0.0,PASS,
ayurveda,sarad-hemanta-before,ritu start,seconds,2025-08-22T20:33:52.641+00:00,2025-08-22T20:33:51.000Z,1.641,60.0,PASS,
ayurveda,sarad-hemanta-before,ritu end,seconds,2025-10-23T03:50:56.586+00:00,2025-10-23T03:50:55.000Z,1.586,60.0,PASS,
ayurveda,sarad-hemanta-after,ritu,exact,hemanta,hemanta,0.0,0.0,PASS,
ayurveda,sarad-hemanta-after,ritu start,seconds,2025-10-23T03:50:56.586+00:00,2025-10-23T03:50:55.000Z,1.586,60.0,PASS,
ayurveda,sarad-hemanta-after,ritu end,seconds,2025-12-21T15:03:06.254+00:00,2025-12-21T15:03:05.000Z,1.254,60.0,PASS,
ayurveda,varsa-sarad-before,ritu,exact,varsa,varsa,0.0,0.0,PASS,
ayurveda,varsa-sarad-before,ritu start,seconds,2025-06-21T02:42:16.842+00:00,2025-06-21T02:42:16.000Z,0.842,60.0,PASS,
ayurveda,varsa-sarad-before,ritu end,seconds,2025-08-22T20:33:52.641+00:00,2025-08-22T20:33:51.000Z,1.641,60.0,PASS,
ayurveda,varsa-sarad-after,ritu,exact,sarad,sarad,0.0,0.0,PASS,
ayurveda,varsa-sarad-after,ritu start,seconds,2025-08-22T20:33:52.641+00:00,2025-08-22T20:33:51.000Z,1.641,60.0,PASS,
ayurveda,varsa-sarad-after,ritu end,seconds,2025-10-23T03:50:56.586+00:00,2025-10-23T03:50:55.000Z,1.586,60.0,PASS,
ayurveda,sidereal-sisira-opens-before,sidereal ritu,exact,hemanta,hemanta,0.0,0.0,PASS,
ayurveda,sidereal-sisira-opens-before,sidereal ritu start,seconds,2025-11-16T08:07:39.967+00:00,2025-11-16T08:07:39.000Z,0.967,120.0,PASS,
ayurveda,sidereal-sisira-opens-before,sidereal ritu end,seconds,2026-01-14T09:37:22.708+00:00,2026-01-14T09:37:22.000Z,0.708,120.0,PASS,
ayurveda,sidereal-sisira-opens-after,sidereal ritu,exact,sisira,sisira,0.0,0.0,PASS,
ayurveda,sidereal-sisira-opens-after,sidereal ritu start,seconds,2026-01-14T09:37:22.708+00:00,2026-01-14T09:37:22.000Z,0.708,120.0,PASS,
ayurveda,sidereal-sisira-opens-after,sidereal ritu end,seconds,2026-03-14T19:33:06.416+00:00,2026-03-14T19:33:06.000Z,0.416,120.0,PASS,
ayurveda,sidereal-sisira-closes-before,sidereal ritu,exact,sisira,sisira,0.0,0.0,PASS,
ayurveda,sidereal-sisira-closes-before,sidereal ritu start,seconds,2026-01-14T09:37:22.708+00:00,2026-01-14T09:37:22.000Z,0.708,120.0,PASS,
ayurveda,sidereal-sisira-closes-before,sidereal ritu end,seconds,2026-03-14T19:33:06.416+00:00,2026-03-14T19:33:06.000Z,0.416,120.0,PASS,
ayurveda,sidereal-sisira-closes-after,sidereal ritu,exact,vasanta,vasanta,0.0,0.0,PASS,
ayurveda,sidereal-sisira-closes-after,sidereal ritu start,seconds,2026-03-14T19:33:06.416+00:00,2026-03-14T19:33:06.000Z,0.416,120.0,PASS,
ayurveda,sidereal-sisira-closes-after,sidereal ritu end,seconds,2026-05-15T00:52:04.848+00:00,2026-05-15T00:52:04.000Z,0.848,120.0,PASS,
ayurveda,divergence-sidereal,sidereal ritu,exact,sisira,sisira,0.0,0.0,PASS,
ayurveda,divergence-sidereal,sidereal ritu start,seconds,2026-01-14T09:37:22.708+00:00,2026-01-14T09:37:22.000Z,0.708,120.0,PASS,
ayurveda,divergence-sidereal,sidereal ritu end,seconds,2026-03-14T19:33:06.416+00:00,2026-03-14T19:33:06.000Z,0.416,120.0,PASS,
ayurveda,divergence-tropical,ritu,exact,vasanta,vasanta,0.0,0.0,PASS,
ayurveda,divergence-tropical,ritu start,seconds,2026-02-18T15:51:56.607+00:00,2026-02-18T15:51:56.000Z,0.607,60.0,PASS,
ayurveda,divergence-tropical,ritu end,seconds,2026-04-20T01:39:07.662+00:00,2026-04-20T01:39:06.000Z,1.662,60.0,PASS,
ayurveda,southern-march,southern ritu,exact,sarad,sarad,0.0,0.0,PASS,
ayurveda,london-midsummer,sunrise,seconds,2026-06-21T03:43:00.000+00:00,2026-06-21T03:43:08.109Z,8.109,90.0,PASS,
ayurveda,london-midsummer,sunset,seconds,2026-06-21T20:22:00.000+00:00,2026-06-21T20:21:30.986Z,29.014,90.0,PASS,
ayurveda,london-midsummer,next sunrise,seconds,2026-06-22T03:43:00.000+00:00,2026-06-22T03:43:22.145Z,22.145,90.0,PASS,
ayurveda,london-midsummer,brahma muhurta start,seconds,2026-06-21T02:07:00.000+00:00,2026-06-21T02:07:08.109Z,8.109,90.0,PASS,
ayurveda,london-midsummer,brahma muhurta end,seconds,2026-06-21T02:55:00.000+00:00,2026-06-21T02:55:08.109Z,8.109,90.0,PASS,
ayurveda,london-midsummer,day pitta start,seconds,2026-06-21T09:16:00.000+00:00,2026-06-21T09:15:55.734Z,4.266,90.0,PASS,
ayurveda,london-midsummer,day vata start,seconds,2026-06-21T14:49:00.000+00:00,2026-06-21T14:48:43.360Z,16.64,90.0,PASS,
ayurveda,london-midsummer,night pitta start,seconds,2026-06-21T22:49:00.000+00:00,2026-06-21T22:48:48.039Z,11.961,90.0,PASS,
ayurveda,london-midsummer,night vata start,seconds,2026-06-22T01:16:00.000+00:00,2026-06-22T01:16:05.092Z,5.092,90.0,PASS,
ayurveda,london-midsummer,dosha order,exact,kapha pitta vata kapha pitta vata,kapha pitta vata kapha pitta vata,0.0,0.0,PASS,
ayurveda,reykjavik-midwinter,sunrise,seconds,2025-12-21T11:22:00.000+00:00,2025-12-21T11:22:25.081Z,25.081,90.0,PASS,
ayurveda,reykjavik-midwinter,sunset,seconds,2025-12-21T15:30:00.000+00:00,2025-12-21T15:29:32.768Z,27.232,90.0,PASS,
ayurveda,reykjavik-midwinter,next sunrise,seconds,2025-12-22T11:23:00.000+00:00,2025-12-22T11:22:51.862Z,8.138,90.0,PASS,
ayurveda,reykjavik-midwinter,brahma muhurta start,seconds,2025-12-21T09:46:00.000+00:00,2025-12-21T09:46:25.081Z,25.081,90.0,PASS,
ayurveda,reykjavik-midwinter,brahma muhurta end,seconds,2025-12-21T10:34:00.000+00:00,2025-12-21T10:34:25.081Z,25.081,90.0,PASS,
ayurveda,reykjavik-midwinter,day pitta start,seconds,2025-12-21T12:44:40.000+00:00,2025-12-21T12:44:47.643Z,7.643,90.0,PASS,
ayurveda,reykjavik-midwinter,day vata start,seconds,2025-12-21T14:07:20.000+00:00,2025-12-21T14:07:10.205Z,9.795,90.0,PASS,
ayurveda,reykjavik-midwinter,night pitta start,seconds,2025-12-21T22:07:40.000+00:00,2025-12-21T22:07:19.132Z,20.868,90.0,PASS,
ayurveda,reykjavik-midwinter,night vata start,seconds,2025-12-22T04:45:20.000+00:00,2025-12-22T04:45:05.497Z,14.503,90.0,PASS,
ayurveda,reykjavik-midwinter,dosha order,exact,kapha pitta vata kapha pitta vata,kapha pitta vata kapha pitta vata,0.0,0.0,PASS,
ayurveda,sydney-midsummer,sunrise,seconds,2025-12-20T18:41:00.000+00:00,2025-12-20T18:40:43.918Z,16.082,90.0,PASS,
ayurveda,sydney-midsummer,sunset,seconds,2025-12-21T09:06:00.000+00:00,2025-12-21T09:05:32.882Z,27.118,90.0,PASS,
ayurveda,sydney-midsummer,next sunrise,seconds,2025-12-21T18:41:00.000+00:00,2025-12-21T18:41:13.259Z,13.259,90.0,PASS,
ayurveda,sydney-midsummer,brahma muhurta start,seconds,2025-12-20T17:05:00.000+00:00,2025-12-20T17:04:43.918Z,16.082,90.0,PASS,
ayurveda,sydney-midsummer,brahma muhurta end,seconds,2025-12-20T17:53:00.000+00:00,2025-12-20T17:52:43.918Z,16.082,90.0,PASS,
ayurveda,sydney-midsummer,day pitta start,seconds,2025-12-20T23:29:20.000+00:00,2025-12-20T23:29:00.239Z,19.761,90.0,PASS,
ayurveda,sydney-midsummer,day vata start,seconds,2025-12-21T04:17:40.000+00:00,2025-12-21T04:17:16.560Z,23.44,90.0,PASS,
ayurveda,sydney-midsummer,night pitta start,seconds,2025-12-21T12:17:40.000+00:00,2025-12-21T12:17:26.341Z,13.659,90.0,PASS,
ayurveda,sydney-midsummer,night vata start,seconds,2025-12-21T15:29:20.000+00:00,2025-12-21T15:29:19.800Z,0.2,90.0,PASS,
ayurveda,sydney-midsummer,dosha order,exact,kapha pitta vata kapha pitta vata,kapha pitta vata kapha pitta vata,0.0,0.0,PASS,
ayurveda,mumbai-equinox,sunrise,seconds,2026-03-20T01:13:00.000+00:00,2026-03-20T01:12:50.668Z,9.332,90.0,PASS,
ayurveda,mumbai-equinox,sunset,seconds,2026-03-20T13:19:00.000+00:00,2026-03-20T13:19:23.792Z,23.792,90.0,PASS,
ayurveda,mumbai-equinox,next sunrise,seconds,2026-03-21T01:12:00.000+00:00,2026-03-21T01:12:00.230Z,0.23,90.0,PASS,
ayurveda,mumbai-equinox,brahma muhurta start,seconds,2026-03-19T23:37:00.000+00:00,2026-03-19T23:36:50.668Z,9.332,90.0,PASS,
ayurveda,mumbai-equinox,brahma muhurta end,seconds,2026-03-20T00:25:00.000+00:00,2026-03-20T00:24:50.668Z,9.332,90.0,PASS,
ayurveda,mumbai-equinox,day pitta start,seconds,2026-03-20T05:15:00.000+00:00,2026-03-20T05:15:01.709Z,1.709,90.0,PASS,
ayurveda,mumbai-equinox,day vata start,seconds,2026-03-20T09:17:00.000+00:00,2026-03-20T09:17:12.750Z,12.75,90.0,PASS,
ayurveda,mumbai-equinox,night pitta start,seconds,2026-03-20T17:16:40.000+00:00,2026-03-20T17:16:55.938Z,15.938,90.0,PASS,
ayurveda,mumbai-equinox,night vata start,seconds,2026-03-20T21:14:20.000+00:00,2026-03-20T21:14:28.084Z,8.084,90.0,PASS,
ayurveda,mumbai-equinox,dosha order,exact,kapha pitta vata kapha pitta vata,kapha pitta vata kapha pitta vata,0.0,0.0,PASS,
ayurveda,quito-equinox,sunrise,seconds,2026-03-20T11:18:00.000+00:00,2026-03-20T11:17:59.219Z,0.781,90.0,PASS,
ayurveda,quito-equinox,sunset,seconds,2026-03-20T23:24:00.000+00:00,2026-03-20T23:24:29.528Z,29.528,90.0,PASS,
ayurveda,quito-equinox,next sunrise,seconds,2026-03-21T11:18:00.000+00:00,2026-03-21T11:17:41.817Z,18.183,90.0,PASS,
ayurveda,quito-equinox,brahma muhurta start,seconds,2026-03-20T09:42:00.000+00:00,2026-03-20T09:41:59.219Z,0.781,90.0,PASS,
ayurveda,quito-equinox,brahma muhurta end,seconds,2026-03-20T10:30:00.000+00:00,2026-03-20T10:29:59.219Z,0.781,90.0,PASS,
ayurveda,quito-equinox,day pitta start,seconds,2026-03-20T15:20:00.000+00:00,2026-03-20T15:20:09.322Z,9.322,90.0,PASS,
ayurveda,quito-equinox,day vata start,seconds,2026-03-20T19:22:00.000+00:00,2026-03-20T19:22:19.425Z,19.425,90.0,PASS,
ayurveda,quito-equinox,night pitta start,seconds,2026-03-21T03:22:00.000+00:00,2026-03-21T03:22:13.624Z,13.624,90.0,PASS,
ayurveda,quito-equinox,night vata start,seconds,2026-03-21T07:20:00.000+00:00,2026-03-21T07:19:57.720Z,2.28,90.0,PASS,
ayurveda,quito-equinox,dosha order,exact,kapha pitta vata kapha pitta vata,kapha pitta vata kapha pitta vata,0.0,0.0,PASS,
i-ching,hexagram-1,primary_hexagram,exact,1,1,0.0,0.0,PASS,
i-ching,hexagram-1,primary_lower_trigram,exact,Heaven,Heaven,0.0,0.0,PASS,
i-ching,hexagram-1,primary_upper_trigram,exact,Heaven,Heaven,0.0,0.0,PASS,
i-ching,hexagram-2,primary_hexagram,exact,2,2,0.0,0.0,PASS,
i-ching,hexagram-2,primary_lower_trigram,exact,Earth,Earth,0.0,0.0,PASS,
i-ching,hexagram-2,primary_upper_trigram,exact,Earth,Earth,0.0,0.0,PASS,
i-ching,all-lines-changing-yang,primary_hexagram,exact,1,1,0.0,0.0,PASS,
i-ching,all-lines-changing-yang,primary_lower_trigram,exact,Heaven,Heaven,0.0,0.0,PASS,
i-ching,all-lines-changing-yang,primary_upper_trigram,exact,Heaven,Heaven,0.0,0.0,PASS,
i-ching,all-lines-changing-yang,relating_hexagram,exact,2,2,0.0,0.0,PASS,
i-ching,all-lines-changing-yin,primary_hexagram,exact,2,2,0.0,0.0,PASS,
i-ching,all-lines-changing-yin,primary_lower_trigram,exact,Earth,Earth,0.0,0.0,PASS,
i-ching,all-lines-changing-yin,primary_upper_trigram,exact,Earth,Earth,0.0,0.0,PASS,
i-ching,all-lines-changing-yin,relating_hexagram,exact,1,1,0.0,0.0,PASS,
i-ching,peace,primary_hexagram,exact,11,11,0.0,0.0,PASS,
i-ching,peace,primary_lower_trigram,exact,Heaven,Heaven,0.0,0.0,PASS,
i-ching,peace,primary_upper_trigram,exact,Earth,Earth,0.0,0.0,PASS,
i-ching,standstill,primary_hexagram,exact,12,12,0.0,0.0,PASS,
i-ching,standstill,primary_lower_trigram,exact,Earth,Earth,0.0,0.0,PASS,
i-ching,standstill,primary_upper_trigram,exact,Heaven,Heaven,0.0,0.0,PASS,
i-ching,after-completion,primary_hexagram,exact,63,63,0.0,0.0,PASS,
i-ching,after-completion,primary_lower_trigram,exact,Fire,Fire,0.0,0.0,PASS,
i-ching,after-completion,primary_upper_trigram,exact,Water,Water,0.0,0.0,PASS,
i-ching,bottom-line-changing,primary_hexagram,exact,2,2,0.0,0.0,PASS,
i-ching,bottom-line-changing,primary_lower_trigram,exact,Earth,Earth,0.0,0.0,PASS,
i-ching,bottom-line-changing,primary_upper_trigram,exact,Earth,Earth,0.0,0.0,PASS,
i-ching,bottom-line-changing,relating_hexagram,exact,24,24,0.0,0.0,PASS,
i-ching,top-line-changing,primary_hexagram,exact,1,1,0.0,0.0,PASS,
i-ching,top-line-changing,primary_lower_trigram,exact,Heaven,Heaven,0.0,0.0,PASS,
i-ching,top-line-changing,primary_upper_trigram,exact,Heaven,Heaven,0.0,0.0,PASS,
i-ching,top-line-changing,relating_hexagram,exact,43,43,0.0,0.0,PASS,
i-ching,mixed-two-changing,primary_hexagram,exact,22,22,0.0,0.0,PASS,
i-ching,mixed-two-changing,primary_lower_trigram,exact,Fire,Fire,0.0,0.0,PASS,
i-ching,mixed-two-changing,primary_upper_trigram,exact,Mountain,Mountain,0.0,0.0,PASS,
i-ching,mixed-two-changing,relating_hexagram,exact,53,53,0.0,0.0,PASS,
i-ching,mixed-three-changing,primary_hexagram,exact,46,46,0.0,0.0,PASS,
i-ching,mixed-three-changing,primary_lower_trigram,exact,Wind,Wind,0.0,0.0,PASS,
i-ching,mixed-three-changing,primary_upper_trigram,exact,Earth,Earth,0.0,0.0,PASS,
i-ching,mixed-three-changing,relating_hexagram,exact,41,41,0.0,0.0,PASS,
i-ching,no-change-mixed,primary_hexagram,exact,64,64,0.0,0.0,PASS,
i-ching,no-change-mixed,primary_lower_trigram,exact,Water,Water,0.0,0.0,PASS,
i-ching,no-change-mixed,primary_upper_trigram,exact,Fire,Fire,0.0,0.0,PASS,
i-ching,trigram-heaven,trigram_lines,exact,111,111,0.0,0.0,PASS,
i-ching,trigram-lake,trigram_lines,exact,110,110,0.0,0.0,PASS,
i-ching,trigram-fire,trigram_lines,exact,101,101,0.0,0.0,PASS,
i-ching,trigram-thunder,trigram_lines,exact,100,100,0.0,0.0,PASS,
i-ching,trigram-wind,trigram_lines,exact,011,011,0.0,0.0,PASS,
i-ching,trigram-water,trigram_lines,exact,010,010,0.0,0.0,PASS,
i-ching,trigram-mountain,trigram_lines,exact,001,001,0.0,0.0,PASS,
i-ching,trigram-earth,trigram_lines,exact,000,000,0.0,0.0,PASS,
i-ching,king-wen-1,hexagram_lines,exact,111111,111111,0.0,0.0,PASS,
i-ching,king-wen-1,hexagram_lower_trigram,exact,Heaven,Heaven,0.0,0.0,PASS,
i-ching,king-wen-1,hexagram_upper_trigram,exact,Heaven,Heaven,0.0,0.0,PASS,
i-ching,king-wen-1,hexagram_symbol,exact,䷀,䷀,0.0,0.0,PASS,
i-ching,king-wen-2,hexagram_lines,exact,000000,000000,0.0,0.0,PASS,
i-ching,king-wen-2,hexagram_lower_trigram,exact,Earth,Earth,0.0,0.0,PASS,
i-ching,king-wen-2,hexagram_upper_trigram,exact,Earth,Earth,0.0,0.0,PASS,
i-ching,king-wen-2,hexagram_symbol,exact,䷁,䷁,0.0,0.0,PASS,
i-ching,king-wen-3,hexagram_lines,exact,100010,100010,0.0,0.0,PASS,
i-ching,king-wen-3,hexagram_lower_trigram,exact,Thunder,Thunder,0.0,0.0,PASS,
i-ching,king-wen-3,hexagram_upper_trigram,exact,Water,Water,0.0,0.0,PASS,
i-ching,king-wen-3,hexagram_symbol,exact,䷂,䷂,0.0,0.0,PASS,
i-ching,king-wen-4,hexagram_lines,exact,010001,010001,0.0,0.0,PASS,
i-ching,king-wen-4,hexagram_lower_trigram,exact,Water,Water,0.0,0.0,PASS,
i-ching,king-wen-4,hexagram_upper_trigram,exact,Mountain,Mountain,0.0,0.0,PASS,
i-ching,king-wen-4,hexagram_symbol,exact,䷃,䷃,0.0,0.0,PASS,
i-ching,king-wen-5,hexagram_lines,exact,111010,111010,0.0,0.0,PASS,
i-ching,king-wen-5,hexagram_lower_trigram,exact,Heaven,Heaven,0.0,0.0,PASS,
i-ching,king-wen-5,hexagram_upper_trigram,exact,Water,Water,0.0,0.0,PASS,
i-ching,king-wen-5,hexagram_symbol,exact,䷄,䷄,0.0,0.0,PASS,
i-ching,king-wen-6,hexagram_lines,exact,010111,010111,0.0,0.0,PASS,
i-ching,king-wen-6,hexagram_lower_trigram,exact,Water,Water,0.0,0.0,PASS,
i-ching,king-wen-6,hexagram_upper_trigram,exact,Heaven,Heaven,0.0,0.0,PASS,
i-ching,king-wen-6,hexagram_symbol,exact,䷅,䷅,0.0,0.0,PASS,
i-ching,king-wen-7,hexagram_lines,exact,010000,010000,0.0,0.0,PASS,
i-ching,king-wen-7,hexagram_lower_trigram,exact,Water,Water,0.0,0.0,PASS,
i-ching,king-wen-7,hexagram_upper_trigram,exact,Earth,Earth,0.0,0.0,PASS,
i-ching,king-wen-7,hexagram_symbol,exact,䷆,䷆,0.0,0.0,PASS,
i-ching,king-wen-8,hexagram_lines,exact,000010,000010,0.0,0.0,PASS,
i-ching,king-wen-8,hexagram_lower_trigram,exact,Earth,Earth,0.0,0.0,PASS,
i-ching,king-wen-8,hexagram_upper_trigram,exact,Water,Water,0.0,0.0,PASS,
i-ching,king-wen-8,hexagram_symbol,exact,䷇,䷇,0.0,0.0,PASS,
i-ching,king-wen-9,hexagram_lines,exact,111011,111011,0.0,0.0,PASS,
i-ching,king-wen-9,hexagram_lower_trigram,exact,Heaven,Heaven,0.0,0.0,PASS,
i-ching,king-wen-9,hexagram_upper_trigram,exact,Wind,Wind,0.0,0.0,PASS,
i-ching,king-wen-9,hexagram_symbol,exact,䷈,䷈,0.0,0.0,PASS,
i-ching,king-wen-10,hexagram_lines,exact,110111,110111,0.0,0.0,PASS,
i-ching,king-wen-10,hexagram_lower_trigram,exact,Lake,Lake,0.0,0.0,PASS,
i-ching,king-wen-10,hexagram_upper_trigram,exact,Heaven,Heaven,0.0,0.0,PASS,
i-ching,king-wen-10,hexagram_symbol,exact,䷉,䷉,0.0,0.0,PASS,
i-ching,king-wen-11,hexagram_lines,exact,111000,111000,0.0,0.0,PASS,
i-ching,king-wen-11,hexagram_lower_trigram,exact,Heaven,Heaven,0.0,0.0,PASS,
i-ching,king-wen-11,hexagram_upper_trigram,exact,Earth,Earth,0.0,0.0,PASS,
i-ching,king-wen-11,hexagram_symbol,exact,䷊,䷊,0.0,0.0,PASS,
i-ching,king-wen-12,hexagram_lines,exact,000111,000111,0.0,0.0,PASS,
i-ching,king-wen-12,hexagram_lower_trigram,exact,Earth,Earth,0.0,0.0,PASS,
i-ching,king-wen-12,hexagram_upper_trigram,exact,Heaven,Heaven,0.0,0.0,PASS,
i-ching,king-wen-12,hexagram_symbol,exact,䷋,䷋,0.0,0.0,PASS,
i-ching,king-wen-13,hexagram_lines,exact,101111,101111,0.0,0.0,PASS,
i-ching,king-wen-13,hexagram_lower_trigram,exact,Fire,Fire,0.0,0.0,PASS,
i-ching,king-wen-13,hexagram_upper_trigram,exact,Heaven,Heaven,0.0,0.0,PASS,
i-ching,king-wen-13,hexagram_symbol,exact,䷌,䷌,0.0,0.0,PASS,
i-ching,king-wen-14,hexagram_lines,exact,111101,111101,0.0,0.0,PASS,
i-ching,king-wen-14,hexagram_lower_trigram,exact,Heaven,Heaven,0.0,0.0,PASS,
i-ching,king-wen-14,hexagram_upper_trigram,exact,Fire,Fire,0.0,0.0,PASS,
i-ching,king-wen-14,hexagram_symbol,exact,䷍,䷍,0.0,0.0,PASS,
i-ching,king-wen-15,hexagram_lines,exact,001000,001000,0.0,0.0,PASS,
i-ching,king-wen-15,hexagram_lower_trigram,exact,Mountain,Mountain,0.0,0.0,PASS,
i-ching,king-wen-15,hexagram_upper_trigram,exact,Earth,Earth,0.0,0.0,PASS,
i-ching,king-wen-15,hexagram_symbol,exact,䷎,䷎,0.0,0.0,PASS,
i-ching,king-wen-16,hexagram_lines,exact,000100,000100,0.0,0.0,PASS,
i-ching,king-wen-16,hexagram_lower_trigram,exact,Earth,Earth,0.0,0.0,PASS,
i-ching,king-wen-16,hexagram_upper_trigram,exact,Thunder,Thunder,0.0,0.0,PASS,
i-ching,king-wen-16,hexagram_symbol,exact,䷏,䷏,0.0,0.0,PASS,
i-ching,king-wen-17,hexagram_lines,exact,100110,100110,0.0,0.0,PASS,
i-ching,king-wen-17,hexagram_lower_trigram,exact,Thunder,Thunder,0.0,0.0,PASS,
i-ching,king-wen-17,hexagram_upper_trigram,exact,Lake,Lake,0.0,0.0,PASS,
i-ching,king-wen-17,hexagram_symbol,exact,䷐,䷐,0.0,0.0,PASS,
i-ching,king-wen-18,hexagram_lines,exact,011001,011001,0.0,0.0,PASS,
i-ching,king-wen-18,hexagram_lower_trigram,exact,Wind,Wind,0.0,0.0,PASS,
i-ching,king-wen-18,hexagram_upper_trigram,exact,Mountain,Mountain,0.0,0.0,PASS,
i-ching,king-wen-18,hexagram_symbol,exact,䷑,䷑,0.0,0.0,PASS,
i-ching,king-wen-19,hexagram_lines,exact,110000,110000,0.0,0.0,PASS,
i-ching,king-wen-19,hexagram_lower_trigram,exact,Lake,Lake,0.0,0.0,PASS,
i-ching,king-wen-19,hexagram_upper_trigram,exact,Earth,Earth,0.0,0.0,PASS,
i-ching,king-wen-19,hexagram_symbol,exact,䷒,䷒,0.0,0.0,PASS,
i-ching,king-wen-20,hexagram_lines,exact,000011,000011,0.0,0.0,PASS,
i-ching,king-wen-20,hexagram_lower_trigram,exact,Earth,Earth,0.0,0.0,PASS,
i-ching,king-wen-20,hexagram_upper_trigram,exact,Wind,Wind,0.0,0.0,PASS,
i-ching,king-wen-20,hexagram_symbol,exact,䷓,䷓,0.0,0.0,PASS,
i-ching,king-wen-21,hexagram_lines,exact,100101,100101,0.0,0.0,PASS,
i-ching,king-wen-21,hexagram_lower_trigram,exact,Thunder,Thunder,0.0,0.0,PASS,
i-ching,king-wen-21,hexagram_upper_trigram,exact,Fire,Fire,0.0,0.0,PASS,
i-ching,king-wen-21,hexagram_symbol,exact,䷔,䷔,0.0,0.0,PASS,
i-ching,king-wen-22,hexagram_lines,exact,101001,101001,0.0,0.0,PASS,
i-ching,king-wen-22,hexagram_lower_trigram,exact,Fire,Fire,0.0,0.0,PASS,
i-ching,king-wen-22,hexagram_upper_trigram,exact,Mountain,Mountain,0.0,0.0,PASS,
i-ching,king-wen-22,hexagram_symbol,exact,䷕,䷕,0.0,0.0,PASS,
i-ching,king-wen-23,hexagram_lines,exact,000001,000001,0.0,0.0,PASS,
i-ching,king-wen-23,hexagram_lower_trigram,exact,Earth,Earth,0.0,0.0,PASS,
i-ching,king-wen-23,hexagram_upper_trigram,exact,Mountain,Mountain,0.0,0.0,PASS,
i-ching,king-wen-23,hexagram_symbol,exact,䷖,䷖,0.0,0.0,PASS,
i-ching,king-wen-24,hexagram_lines,exact,100000,100000,0.0,0.0,PASS,
i-ching,king-wen-24,hexagram_lower_trigram,exact,Thunder,Thunder,0.0,0.0,PASS,
i-ching,king-wen-24,hexagram_upper_trigram,exact,Earth,Earth,0.0,0.0,PASS,
i-ching,king-wen-24,hexagram_symbol,exact,䷗,䷗,0.0,0.0,PASS,
i-ching,king-wen-25,hexagram_lines,exact,100111,100111,0.0,0.0,PASS,
i-ching,king-wen-25,hexagram_lower_trigram,exact,Thunder,Thunder,0.0,0.0,PASS,
i-ching,king-wen-25,hexagram_upper_trigram,exact,Heaven,Heaven,0.0,0.0,PASS,
i-ching,king-wen-25,hexagram_symbol,exact,䷘,䷘,0.0,0.0,PASS,
i-ching,king-wen-26,hexagram_lines,exact,111001,111001,0.0,0.0,PASS,
i-ching,king-wen-26,hexagram_lower_trigram,exact,Heaven,Heaven,0.0,0.0,PASS,
i-ching,king-wen-26,hexagram_upper_trigram,exact,Mountain,Mountain,0.0,0.0,PASS,
i-ching,king-wen-26,hexagram_symbol,exact,䷙,䷙,0.0,0.0,PASS,
i-ching,king-wen-27,hexagram_lines,exact,100001,100001,0.0,0.0,PASS,
i-ching,king-wen-27,hexagram_lower_trigram,exact,Thunder,Thunder,0.0,0.0,PASS,
i-ching,king-wen-27,hexagram_upper_trigram,exact,Mountain,Mountain,0.0,0.0,PASS,
i-ching,king-wen-27,hexagram_symbol,exact,䷚,䷚,0.0,0.0,PASS,
i-ching,king-wen-28,hexagram_lines,exact,011110,011110,0.0,0.0,PASS,
i-ching,king-wen-28,hexagram_lower_trigram,exact,Wind,Wind,0.0,0.0,PASS,
i-ching,king-wen-28,hexagram_upper_trigram,exact,Lake,Lake,0.0,0.0,PASS,
i-ching,king-wen-28,hexagram_symbol,exact,䷛,䷛,0.0,0.0,PASS,
i-ching,king-wen-29,hexagram_lines,exact,010010,010010,0.0,0.0,PASS,
i-ching,king-wen-29,hexagram_lower_trigram,exact,Water,Water,0.0,0.0,PASS,
i-ching,king-wen-29,hexagram_upper_trigram,exact,Water,Water,0.0,0.0,PASS,
i-ching,king-wen-29,hexagram_symbol,exact,䷜,䷜,0.0,0.0,PASS,
i-ching,king-wen-30,hexagram_lines,exact,101101,101101,0.0,0.0,PASS,
i-ching,king-wen-30,hexagram_lower_trigram,exact,Fire,Fire,0.0,0.0,PASS,
i-ching,king-wen-30,hexagram_upper_trigram,exact,Fire,Fire,0.0,0.0,PASS,
i-ching,king-wen-30,hexagram_symbol,exact,䷝,䷝,0.0,0.0,PASS,
i-ching,king-wen-31,hexagram_lines,exact,001110,001110,0.0,0.0,PASS,
i-ching,king-wen-31,hexagram_lower_trigram,exact,Mountain,Mountain,0.0,0.0,PASS,
i-ching,king-wen-31,hexagram_upper_trigram,exact,Lake,Lake,0.0,0.0,PASS,
i-ching,king-wen-31,hexagram_symbol,exact,䷞,䷞,0.0,0.0,PASS,
i-ching,king-wen-32,hexagram_lines,exact,011100,011100,0.0,0.0,PASS,
i-ching,king-wen-32,hexagram_lower_trigram,exact,Wind,Wind,0.0,0.0,PASS,
i-ching,king-wen-32,hexagram_upper_trigram,exact,Thunder,Thunder,0.0,0.0,PASS,
i-ching,king-wen-32,hexagram_symbol,exact,䷟,䷟,0.0,0.0,PASS,
i-ching,king-wen-33,hexagram_lines,exact,001111,001111,0.0,0.0,PASS,
i-ching,king-wen-33,hexagram_lower_trigram,exact,Mountain,Mountain,0.0,0.0,PASS,
i-ching,king-wen-33,hexagram_upper_trigram,exact,Heaven,Heaven,0.0,0.0,PASS,
i-ching,king-wen-33,hexagram_symbol,exact,䷠,䷠,0.0,0.0,PASS,
i-ching,king-wen-34,hexagram_lines,exact,111100,111100,0.0,0.0,PASS,
i-ching,king-wen-34,hexagram_lower_trigram,exact,Heaven,Heaven,0.0,0.0,PASS,
i-ching,king-wen-34,hexagram_upper_trigram,exact,Thunder,Thunder,0.0,0.0,PASS,
i-ching,king-wen-34,hexagram_symbol,exact,䷡,䷡,0.0,0.0,PASS,
i-ching,king-wen-35,hexagram_lines,exact,000101,000101,0.0,0.0,PASS,
i-ching,king-wen-35,hexagram_lower_trigram,exact,Earth,Earth,0.0,0.0,PASS,
i-ching,king-wen-35,hexagram_upper_trigram,exact,Fire,Fire,0.0,0.0,PASS,
i-ching,king-wen-35,hexagram_symbol,exact,䷢,䷢,0.0,0.0,PASS,
i-ching,king-wen-36,hexagram_lines,exact,101000,101000,0.0,0.0,PASS,
i-ching,king-wen-36,hexagram_lower_trigram,exact,Fire,Fire,0.0,0.0,PASS,
i-ching,king-wen-36,hexagram_upper_trigram,exact,Earth,Earth,0.0,0.0,PASS,
i-ching,king-wen-36,hexagram_symbol,exact,䷣,䷣,0.0,0.0,PASS,
i-ching,king-wen-37,hexagram_lines,exact,101011,101011,0.0,0.0,PASS,
i-ching,king-wen-37,hexagram_lower_trigram,exact,Fire,Fire,0.0,0.0,PASS,
i-ching,king-wen-37,hexagram_upper_trigram,exact,Wind,Wind,0.0,0.0,PASS,
i-ching,king-wen-37,hexagram_symbol,exact,䷤,䷤,0.0,0.0,PASS,
i-ching,king-wen-38,hexagram_lines,exact,110101,110101,0.0,0.0,PASS,
i-ching,king-wen-38,hexagram_lower_trigram,exact,Lake,Lake,0.0,0.0,PASS,
i-ching,king-wen-38,hexagram_upper_trigram,exact,Fire,Fire,0.0,0.0,PASS,
i-ching,king-wen-38,hexagram_symbol,exact,䷥,䷥,0.0,0.0,PASS,
i-ching,king-wen-39,hexagram_lines,exact,001010,001010,0.0,0.0,PASS,
i-ching,king-wen-39,hexagram_lower_trigram,exact,Mountain,Mountain,0.0,0.0,PASS,
i-ching,king-wen-39,hexagram_upper_trigram,exact,Water,Water,0.0,0.0,PASS,
i-ching,king-wen-39,hexagram_symbol,exact,䷦,䷦,0.0,0.0,PASS,
i-ching,king-wen-40,hexagram_lines,exact,010100,010100,0.0,0.0,PASS,
i-ching,king-wen-40,hexagram_lower_trigram,exact,Water,Water,0.0,0.0,PASS,
i-ching,king-wen-40,hexagram_upper_trigram,exact,Thunder,Thunder,0.0,0.0,PASS,
i-ching,king-wen-40,hexagram_symbol,exact,䷧,䷧,0.0,0.0,PASS,
i-ching,king-wen-41,hexagram_lines,exact,110001,110001,0.0,0.0,PASS,
i-ching,king-wen-41,hexagram_lower_trigram,exact,Lake,Lake,0.0,0.0,PASS,
i-ching,king-wen-41,hexagram_upper_trigram,exact,Mountain,Mountain,0.0,0.0,PASS,
i-ching,king-wen-41,hexagram_symbol,exact,䷨,䷨,0.0,0.0,PASS,
i-ching,king-wen-42,hexagram_lines,exact,100011,100011,0.0,0.0,PASS,
i-ching,king-wen-42,hexagram_lower_trigram,exact,Thunder,Thunder,0.0,0.0,PASS,
i-ching,king-wen-42,hexagram_upper_trigram,exact,Wind,Wind,0.0,0.0,PASS,
i-ching,king-wen-42,hexagram_symbol,exact,䷩,䷩,0.0,0.0,PASS,
i-ching,king-wen-43,hexagram_lines,exact,111110,111110,0.0,0.0,PASS,
i-ching,king-wen-43,hexagram_lower_trigram,exact,Heaven,Heaven,0.0,0.0,PASS,
i-ching,king-wen-43,hexagram_upper_trigram,exact,Lake,Lake,0.0,0.0,PASS,
i-ching,king-wen-43,hexagram_symbol,exact,䷪,䷪,0.0,0.0,PASS,
i-ching,king-wen-44,hexagram_lines,exact,011111,011111,0.0,0.0,PASS,
i-ching,king-wen-44,hexagram_lower_trigram,exact,Wind,Wind,0.0,0.0,PASS,
i-ching,king-wen-44,hexagram_upper_trigram,exact,Heaven,Heaven,0.0,0.0,PASS,
i-ching,king-wen-44,hexagram_symbol,exact,䷫,䷫,0.0,0.0,PASS,
i-ching,king-wen-45,hexagram_lines,exact,000110,000110,0.0,0.0,PASS,
i-ching,king-wen-45,hexagram_lower_trigram,exact,Earth,Earth,0.0,0.0,PASS,
i-ching,king-wen-45,hexagram_upper_trigram,exact,Lake,Lake,0.0,0.0,PASS,
i-ching,king-wen-45,hexagram_symbol,exact,䷬,䷬,0.0,0.0,PASS,
i-ching,king-wen-46,hexagram_lines,exact,011000,011000,0.0,0.0,PASS,
i-ching,king-wen-46,hexagram_lower_trigram,exact,Wind,Wind,0.0,0.0,PASS,
i-ching,king-wen-46,hexagram_upper_trigram,exact,Earth,Earth,0.0,0.0,PASS,
i-ching,king-wen-46,hexagram_symbol,exact,䷭,䷭,0.0,0.0,PASS,
i-ching,king-wen-47,hexagram_lines,exact,010110,010110,0.0,0.0,PASS,
i-ching,king-wen-47,hexagram_lower_trigram,exact,Water,Water,0.0,0.0,PASS,
i-ching,king-wen-47,hexagram_upper_trigram,exact,Lake,Lake,0.0,0.0,PASS,
i-ching,king-wen-47,hexagram_symbol,exact,䷮,䷮,0.0,0.0,PASS,
i-ching,king-wen-48,hexagram_lines,exact,011010,011010,0.0,0.0,PASS,
i-ching,king-wen-48,hexagram_lower_trigram,exact,Wind,Wind,0.0,0.0,PASS,
i-ching,king-wen-48,hexagram_upper_trigram,exact,Water,Water,0.0,0.0,PASS,
i-ching,king-wen-48,hexagram_symbol,exact,䷯,䷯,0.0,0.0,PASS,
i-ching,king-wen-49,hexagram_lines,exact,101110,101110,0.0,0.0,PASS,
i-ching,king-wen-49,hexagram_lower_trigram,exact,Fire,Fire,0.0,0.0,PASS,
i-ching,king-wen-49,hexagram_upper_trigram,exact,Lake,Lake,0.0,0.0,PASS,
i-ching,king-wen-49,hexagram_symbol,exact,䷰,䷰,0.0,0.0,PASS,
i-ching,king-wen-50,hexagram_lines,exact,011101,011101,0.0,0.0,PASS,
i-ching,king-wen-50,hexagram_lower_trigram,exact,Wind,Wind,0.0,0.0,PASS,
i-ching,king-wen-50,hexagram_upper_trigram,exact,Fire,Fire,0.0,0.0,PASS,
i-ching,king-wen-50,hexagram_symbol,exact,䷱,䷱,0.0,0.0,PASS,
i-ching,king-wen-51,hexagram_lines,exact,100100,100100,0.0,0.0,PASS,
i-ching,king-wen-51,hexagram_lower_trigram,exact,Thunder,Thunder,0.0,0.0,PASS,
i-ching,king-wen-51,hexagram_upper_trigram,exact,Thunder,Thunder,0.0,0.0,PASS,
i-ching,king-wen-51,hexagram_symbol,exact,䷲,䷲,0.0,0.0,PASS,
i-ching,king-wen-52,hexagram_lines,exact,001001,001001,0.0,0.0,PASS,
i-ching,king-wen-52,hexagram_lower_trigram,exact,Mountain,Mountain,0.0,0.0,PASS,
i-ching,king-wen-52,hexagram_upper_trigram,exact,Mountain,Mountain,0.0,0.0,PASS,
i-ching,king-wen-52,hexagram_symbol,exact,䷳,䷳,0.0,0.0,PASS,
i-ching,king-wen-53,hexagram_lines,exact,001011,001011,0.0,0.0,PASS,
i-ching,king-wen-53,hexagram_lower_trigram,exact,Mountain,Mountain,0.0,0.0,PASS,
i-ching,king-wen-53,hexagram_upper_trigram,exact,Wind,Wind,0.0,0.0,PASS,
i-ching,king-wen-53,hexagram_symbol,exact,䷴,䷴,0.0,0.0,PASS,
i-ching,king-wen-54,hexagram_lines,exact,110100,110100,0.0,0.0,PASS,
i-ching,king-wen-54,hexagram_lower_trigram,exact,Lake,Lake,0.0,0.0,PASS,
i-ching,king-wen-54,hexagram_upper_trigram,exact,Thunder,Thunder,0.0,0.0,PASS,
i-ching,king-wen-54,hexagram_symbol,exact,䷵,䷵,0.0,0.0,PASS,
i-ching,king-wen-55,hexagram_lines,exact,101100,101100,0.0,0.0,PASS,
i-ching,king-wen-55,hexagram_lower_trigram,exact,Fire,Fire,0.0,0.0,PASS,
i-ching,king-wen-55,hexagram_upper_trigram,exact,Thunder,Thunder,0.0,0.0,PASS,
i-ching,king-wen-55,hexagram_symbol,exact,䷶,䷶,0.0,0.0,PASS,
i-ching,king-wen-56,hexagram_lines,exact,001101,001101,0.0,0.0,PASS,
i-ching,king-wen-56,hexagram_lower_trigram,exact,Mountain,Mountain,0.0,0.0,PASS,
i-ching,king-wen-56,hexagram_upper_trigram,exact,Fire,Fire,0.0,0.0,PASS,
i-ching,king-wen-56,hexagram_symbol,exact,䷷,䷷,0.0,0.0,PASS,
i-ching,king-wen-57,hexagram_lines,exact,011011,011011,0.0,0.0,PASS,
i-ching,king-wen-57,hexagram_lower_trigram,exact,Wind,Wind,0.0,0.0,PASS,
i-ching,king-wen-57,hexagram_upper_trigram,exact,Wind,Wind,0.0,0.0,PASS,
i-ching,king-wen-57,hexagram_symbol,exact,䷸,䷸,0.0,0.0,PASS,
i-ching,king-wen-58,hexagram_lines,exact,110110,110110,0.0,0.0,PASS,
i-ching,king-wen-58,hexagram_lower_trigram,exact,Lake,Lake,0.0,0.0,PASS,
i-ching,king-wen-58,hexagram_upper_trigram,exact,Lake,Lake,0.0,0.0,PASS,
i-ching,king-wen-58,hexagram_symbol,exact,䷹,䷹,0.0,0.0,PASS,
i-ching,king-wen-59,hexagram_lines,exact,010011,010011,0.0,0.0,PASS,
i-ching,king-wen-59,hexagram_lower_trigram,exact,Water,Water,0.0,0.0,PASS,
i-ching,king-wen-59,hexagram_upper_trigram,exact,Wind,Wind,0.0,0.0,PASS,
i-ching,king-wen-59,hexagram_symbol,exact,䷺,䷺,0.0,0.0,PASS,
i-ching,king-wen-60,hexagram_lines,exact,110010,110010,0.0,0.0,PASS,
i-ching,king-wen-60,hexagram_lower_trigram,exact,Lake,Lake,0.0,0.0,PASS,
i-ching,king-wen-60,hexagram_upper_trigram,exact,Water,Water,0.0,0.0,PASS,
i-ching,king-wen-60,hexagram_symbol,exact,䷻,䷻,0.0,0.0,PASS,
i-ching,king-wen-61,hexagram_lines,exact,110011,110011,0.0,0.0,PASS,
i-ching,king-wen-61,hexagram_lower_trigram,exact,Lake,Lake,0.0,0.0,PASS,
i-ching,king-wen-61,hexagram_upper_trigram,exact,Wind,Wind,0.0,0.0,PASS,
i-ching,king-wen-61,hexagram_symbol,exact,䷼,䷼,0.0,0.0,PASS,
i-ching,king-wen-62,hexagram_lines,exact,001100,001100,0.0,0.0,PASS,
i-ching,king-wen-62,hexagram_lower_trigram,exact,Mountain,Mountain,0.0,0.0,PASS,
i-ching,king-wen-62,hexagram_upper_trigram,exact,Thunder,Thunder,0.0,0.0,PASS,
i-ching,king-wen-62,hexagram_symbol,exact,䷽,䷽,0.0,0.0,PASS,
i-ching,king-wen-63,hexagram_lines,exact,101010,101010,0.0,0.0,PASS,
i-ching,king-wen-63,hexagram_lower_trigram,exact,Fire,Fire,0.0,0.0,PASS,
i-ching,king-wen-63,hexagram_upper_trigram,exact,Water,Water,0.0,0.0,PASS,
i-ching,king-wen-63,hexagram_symbol,exact,䷾,䷾,0.0,0.0,PASS,
i-ching,king-wen-64,hexagram_lines,exact,010101,010101,0.0,0.0,PASS,
i-ching,king-wen-64,hexagram_lower_trigram,exact,Water,Water,0.0,0.0,PASS,
i-ching,king-wen-64,hexagram_upper_trigram,exact,Fire,Fire,0.0,0.0,PASS,
i-ching,king-wen-64,hexagram_symbol,exact,䷿,䷿,0.0,0.0,PASS,
location,kolkata,timezone,exact,Asia/Kolkata,Asia/Kolkata,0.0,0.0,PASS,
location,kolkata,utc_offset_seconds,exact,19800,19800,0.0,0.0,PASS,
location,kathmandu,timezone,exact,Asia/Kathmandu,Asia/Kathmandu,0.0,0.0,PASS,
location,kathmandu,utc_offset_seconds,exact,20700,20700,0.0,0.0,PASS,
location,apia,timezone,exact,Pacific/Apia,Pacific/Apia,0.0,0.0,PASS,
location,apia,utc_offset_seconds,exact,46800,46800,0.0,0.0,PASS,
location,moscow,timezone,exact,Europe/Moscow,Europe/Moscow,0.0,0.0,PASS,
location,moscow,utc_offset_seconds,exact,10800,10800,0.0,0.0,PASS,
location,istanbul,timezone,exact,Europe/Istanbul,Europe/Istanbul,0.0,0.0,PASS,
location,istanbul,utc_offset_seconds,exact,10800,10800,0.0,0.0,PASS,
location,sydney,timezone,exact,Australia/Sydney,Australia/Sydney,0.0,0.0,PASS,
location,sydney,utc_offset_seconds,exact,39600,39600,0.0,0.0,PASS,
location,adelaide,timezone,exact,Australia/Adelaide,Australia/Adelaide,0.0,0.0,PASS,
location,adelaide,utc_offset_seconds,exact,37800,37800,0.0,0.0,PASS,
location,santiago,timezone,exact,America/Santiago,America/Santiago,0.0,0.0,PASS,
location,santiago,utc_offset_seconds,exact,-10800,-10800,0.0,0.0,PASS,
location,phoenix,timezone,exact,America/Phoenix,America/Phoenix,0.0,0.0,PASS,
location,phoenix,utc_offset_seconds,exact,-25200,-25200,0.0,0.0,PASS,
location,springfield-illinois,timezone,exact,America/Chicago,America/Chicago,0.0,0.0,PASS,
location,springfield-illinois,utc_offset_seconds,exact,-18000,-18000,0.0,0.0,PASS,
location,springfield-oregon,timezone,exact,America/Los_Angeles,America/Los_Angeles,0.0,0.0,PASS,
location,springfield-oregon,utc_offset_seconds,exact,-25200,-25200,0.0,0.0,PASS,
location,london-ontario,timezone,exact,America/Toronto,America/Toronto,0.0,0.0,PASS,
location,london-ontario,utc_offset_seconds,exact,-14400,-14400,0.0,0.0,PASS,
